upstream archive and Git-object evidence verified
Serdes Responses Git snapshot evidence verified
Only in vendor/serdes-ai-models/target/debug: .cargo-artifact-lock
Only in vendor/serdes-ai-models/target/debug: .cargo-build-lock
Only in vendor/serdes-ai-models/target/debug: .cargo-lock
Only in vendor/serdes-ai-models/target/debug/.fingerprint/aho-corasick-460c7e2db7b65d22: dep-lib-aho_corasick
Only in vendor/serdes-ai-models/target/debug/.fingerprint/aho-corasick-762f880a72391671: dep-lib-aho_corasick
Only in vendor/serdes-ai-models/target/debug/.fingerprint/aho-corasick-f2fe6143daa212d6: dep-lib-aho_corasick
Only in vendor/serdes-ai-models/target/debug/.fingerprint/aho-corasick-faf99c296d0ac655: dep-lib-aho_corasick
Only in vendor/serdes-ai-models/target/debug/.fingerprint/anstyle-433ecccd928b4326: dep-lib-anstyle
Only in vendor/serdes-ai-models/target/debug/.fingerprint/anstyle-5ccb46857f455230: dep-lib-anstyle
Only in vendor/serdes-ai-models/target/debug/.fingerprint/anyhow-457762dba6aa7c91: dep-build-script-build-script-build
Only in vendor/serdes-ai-models/target/debug/.fingerprint/anyhow-db1f6a292fd18298: dep-lib-anyhow
Only in vendor/serdes-ai-models/target/debug/.fingerprint/anyhow-f4e8eb0d28cf01bf: dep-lib-anyhow
Only in vendor/serdes-ai-models/target/debug/.fingerprint/assert-json-diff-47c61daf3992123d: dep-lib-assert_json_diff
Only in vendor/serdes-ai-models/target/debug/.fingerprint/assert-json-diff-47d13e4df40e41fb: dep-lib-assert_json_diff
Only in vendor/serdes-ai-models/target/debug/.fingerprint/async-trait-232871378ee3ccc4: dep-lib-async_trait
Only in vendor/serdes-ai-models/target/debug/.fingerprint/atomic-waker-730fcaf703bdb5ad: dep-lib-atomic_waker
Only in vendor/serdes-ai-models/target/debug/.fingerprint/atomic-waker-e7b30d5fd68e4f81: dep-lib-atomic_waker
Only in vendor/serdes-ai-models/target/debug/.fingerprint/autocfg-fd8152d35e082ae9: dep-lib-autocfg
Only in vendor/serdes-ai-models/target/debug/.fingerprint/base64-8594b7e698eedd15: dep-lib-base64
Only in vendor/serdes-ai-models/target/debug/.fingerprint/base64-b543fed2f0293468: dep-lib-base64
Only in vendor/serdes-ai-models/target/debug/.fingerprint/bitflags-641fdc89d6018cbd: dep-lib-bitflags
Only in vendor/serdes-ai-models/target/debug/.fingerprint/bitflags-6902d4bc9d909d32: dep-lib-bitflags
Only in vendor/serdes-ai-models/target/debug/.fingerprint/bytes-1f68b5b7cf16e6c8: dep-lib-bytes
Only in vendor/serdes-ai-models/target/debug/.fingerprint/bytes-258f462c5e906be1: dep-lib-bytes
Only in vendor/serdes-ai-models/target/debug/.fingerprint/cc-86a2cedfdae0e78e: dep-lib-cc
Only in vendor/serdes-ai-models/target/debug/.fingerprint/cfg-if-42a0ba2ffcde8df6: dep-lib-cfg_if
Only in vendor/serdes-ai-models/target/debug/.fingerprint/cfg-if-61eda71b0d279852: dep-lib-cfg_if
Only in vendor/serdes-ai-models/target/debug/.fingerprint/cfg-if-7e76abba0d4e7174: dep-lib-cfg_if
Only in vendor/serdes-ai-models/target/debug/.fingerprint/chrono-522455f61bab033e: dep-lib-chrono
Only in vendor/serdes-ai-models/target/debug/.fingerprint/chrono-c0a850af197d167c: dep-lib-chrono
Only in vendor/serdes-ai-models/target/debug/.fingerprint/core-foundation-sys-4c5f7b4418cc0848: dep-lib-core_foundation_sys
Only in vendor/serdes-ai-models/target/debug/.fingerprint/core-foundation-sys-9f897f2abcff6af8: dep-lib-core_foundation_sys
Only in vendor/serdes-ai-models/target/debug/.fingerprint/darling-04c336ced7d3e5f4: dep-lib-darling
Only in vendor/serdes-ai-models/target/debug/.fingerprint/darling-d28a3dd23a9d725f: dep-lib-darling
Only in vendor/serdes-ai-models/target/debug/.fingerprint/darling_core-55396b40ceb870fe: dep-lib-darling_core
Only in vendor/serdes-ai-models/target/debug/.fingerprint/darling_core-7e076df672c685c8: dep-lib-darling_core
Only in vendor/serdes-ai-models/target/debug/.fingerprint/darling_macro-1ae0e93cedac369c: dep-lib-darling_macro
Only in vendor/serdes-ai-models/target/debug/.fingerprint/darling_macro-7be99d161522b68b: dep-lib-darling_macro
Only in vendor/serdes-ai-models/target/debug/.fingerprint/deadpool-5057bd1b0636ee23: dep-lib-deadpool
Only in vendor/serdes-ai-models/target/debug/.fingerprint/deadpool-f395301a99b9c25e: dep-lib-deadpool
Only in vendor/serdes-ai-models/target/debug/.fingerprint/deadpool-runtime-6464ba35ad10551c: dep-lib-deadpool_runtime
Only in vendor/serdes-ai-models/target/debug/.fingerprint/deadpool-runtime-ebefb22b0064fa55: dep-lib-deadpool_runtime
Only in vendor/serdes-ai-models/target/debug/.fingerprint/derive_builder-4b84110f7d060333: dep-lib-derive_builder
Only in vendor/serdes-ai-models/target/debug/.fingerprint/derive_builder-7f6a36d1049846d4: dep-lib-derive_builder
Only in vendor/serdes-ai-models/target/debug/.fingerprint/derive_builder_core-4a075d7ba1814965: dep-lib-derive_builder_core
Only in vendor/serdes-ai-models/target/debug/.fingerprint/derive_builder_core-8952419d5cb68a37: dep-lib-derive_builder_core
Only in vendor/serdes-ai-models/target/debug/.fingerprint/derive_builder_macro-6fb7b4770f4f0d1d: dep-lib-derive_builder_macro
Only in vendor/serdes-ai-models/target/debug/.fingerprint/derive_builder_macro-854c0ee8e410b9ba: dep-lib-derive_builder_macro
Only in vendor/serdes-ai-models/target/debug/.fingerprint/displaydoc-f78674b3ce3dffd2: dep-lib-displaydoc
Only in vendor/serdes-ai-models/target/debug/.fingerprint/downcast-5111430bb7d5489f: dep-lib-downcast
Only in vendor/serdes-ai-models/target/debug/.fingerprint/downcast-e1b565abcda1bb3e: dep-lib-downcast
Only in vendor/serdes-ai-models/target/debug/.fingerprint/equivalent-a1c9b9ad8df72bad: dep-lib-equivalent
Only in vendor/serdes-ai-models/target/debug/.fingerprint/equivalent-ba91817393000825: dep-lib-equivalent
Only in vendor/serdes-ai-models/target/debug/.fingerprint/equivalent-e5d941760f049c88: dep-lib-equivalent
Only in vendor/serdes-ai-models/target/debug/.fingerprint/errno-2cd017a80f6ccd0e: dep-lib-errno
Only in vendor/serdes-ai-models/target/debug/.fingerprint/errno-3e571a9b01d234f1: dep-lib-errno
Only in vendor/serdes-ai-models/target/debug/.fingerprint/find-msvc-tools-1fa91452166cce6e: dep-lib-find_msvc_tools
Only in vendor/serdes-ai-models/target/debug/.fingerprint/fnv-03d801a7070ad6d8: dep-lib-fnv
Only in vendor/serdes-ai-models/target/debug/.fingerprint/fnv-635d2fa187af3e7e: dep-lib-fnv
Only in vendor/serdes-ai-models/target/debug/.fingerprint/fnv-7482fca9f4dd4200: dep-lib-fnv
Only in vendor/serdes-ai-models/target/debug/.fingerprint/form_urlencoded-c53a09f4f78ea86c: dep-lib-form_urlencoded
Only in vendor/serdes-ai-models/target/debug/.fingerprint/form_urlencoded-cb93686a35562df8: dep-lib-form_urlencoded
Only in vendor/serdes-ai-models/target/debug/.fingerprint/fragile-432356f2f563b4e6: dep-lib-fragile
Only in vendor/serdes-ai-models/target/debug/.fingerprint/fragile-ae306231c61079bd: dep-lib-fragile
Only in vendor/serdes-ai-models/target/debug/.fingerprint/futures-04870e41bcebd84f: dep-lib-futures
Only in vendor/serdes-ai-models/target/debug/.fingerprint/futures-6d288716ee1566ad: dep-lib-futures
Only in vendor/serdes-ai-models/target/debug/.fingerprint/futures-channel-0bd59a7cd540b452: dep-lib-futures_channel
Only in vendor/serdes-ai-models/target/debug/.fingerprint/futures-channel-d86f4ef87eb3df03: dep-lib-futures_channel
Only in vendor/serdes-ai-models/target/debug/.fingerprint/futures-core-02bdf1fc06ab253c: dep-lib-futures_core
Only in vendor/serdes-ai-models/target/debug/.fingerprint/futures-core-eb34df332aa694e8: dep-lib-futures_core
Only in vendor/serdes-ai-models/target/debug/.fingerprint/futures-executor-8a5afc4d97a0e879: dep-lib-futures_executor
Only in vendor/serdes-ai-models/target/debug/.fingerprint/futures-executor-ebf06b221f45caca: dep-lib-futures_executor
Only in vendor/serdes-ai-models/target/debug/.fingerprint/futures-io-a347b19b85d81aa5: dep-lib-futures_io
Only in vendor/serdes-ai-models/target/debug/.fingerprint/futures-io-f7c4dc348df6edba: dep-lib-futures_io
Only in vendor/serdes-ai-models/target/debug/.fingerprint/futures-macro-d8f88ff7f5cce88f: dep-lib-futures_macro
Only in vendor/serdes-ai-models/target/debug/.fingerprint/futures-sink-0090ee5c79ce14ae: dep-lib-futures_sink
Only in vendor/serdes-ai-models/target/debug/.fingerprint/futures-sink-6a14d358df2f34be: dep-lib-futures_sink
Only in vendor/serdes-ai-models/target/debug/.fingerprint/futures-task-08b15530f4aec940: dep-lib-futures_task
Only in vendor/serdes-ai-models/target/debug/.fingerprint/futures-task-22b87e9c63c947a4: dep-lib-futures_task
Only in vendor/serdes-ai-models/target/debug/.fingerprint/futures-timer-030bf7f779f900c9: dep-lib-futures_timer
Only in vendor/serdes-ai-models/target/debug/.fingerprint/futures-timer-d24b639ea8504913: dep-lib-futures_timer
Only in vendor/serdes-ai-models/target/debug/.fingerprint/futures-util-65b6bcd63d1e53b7: dep-lib-futures_util
Only in vendor/serdes-ai-models/target/debug/.fingerprint/futures-util-b0cda7bb2dc6d7e2: dep-lib-futures_util
Only in vendor/serdes-ai-models/target/debug/.fingerprint/getrandom-256ca5a8b74407f2: dep-lib-getrandom
Only in vendor/serdes-ai-models/target/debug/.fingerprint/getrandom-6758296f7ad82036: dep-build-script-build-script-build
Only in vendor/serdes-ai-models/target/debug/.fingerprint/getrandom-6fc28466cb88f44a: dep-lib-getrandom
Only in vendor/serdes-ai-models/target/debug/.fingerprint/getrandom-7f72602628871996: dep-lib-getrandom
Only in vendor/serdes-ai-models/target/debug/.fingerprint/getrandom-9667cf1d02b8f674: dep-lib-getrandom
Only in vendor/serdes-ai-models/target/debug/.fingerprint/glob-2fbca7e8bdd84e90: dep-lib-glob
Only in vendor/serdes-ai-models/target/debug/.fingerprint/h2-427fd7cab5749753: dep-lib-h2
Only in vendor/serdes-ai-models/target/debug/.fingerprint/h2-8f241d4d5754d467: dep-lib-h2
Only in vendor/serdes-ai-models/target/debug/.fingerprint/hashbrown-71bb581e8a0bed5c: dep-lib-hashbrown
Only in vendor/serdes-ai-models/target/debug/.fingerprint/hashbrown-75ba2af4cd95106f: dep-lib-hashbrown
Only in vendor/serdes-ai-models/target/debug/.fingerprint/hashbrown-926053de0784eba0: dep-lib-hashbrown
Only in vendor/serdes-ai-models/target/debug/.fingerprint/http-6f645bb1b9f999fe: dep-lib-http
Only in vendor/serdes-ai-models/target/debug/.fingerprint/http-body-15944d5a62cbd2dd: dep-lib-http_body
Only in vendor/serdes-ai-models/target/debug/.fingerprint/http-body-c8870559cc8b1c4e: dep-lib-http_body
Only in vendor/serdes-ai-models/target/debug/.fingerprint/http-body-util-d2432598754689bc: dep-lib-http_body_util
Only in vendor/serdes-ai-models/target/debug/.fingerprint/http-body-util-e8bee2825ec5fc39: dep-lib-http_body_util
Only in vendor/serdes-ai-models/target/debug/.fingerprint/http-c67dd3d820a67244: dep-lib-http
Only in vendor/serdes-ai-models/target/debug/.fingerprint/httparse-4678cd816aada1bd: dep-lib-httparse
Only in vendor/serdes-ai-models/target/debug/.fingerprint/httparse-d9b1ad2e0c3b3d8d: dep-build-script-build-script-build
Only in vendor/serdes-ai-models/target/debug/.fingerprint/httparse-ebecb9e51e26ee2e: dep-lib-httparse
Only in vendor/serdes-ai-models/target/debug/.fingerprint/httpdate-26d91798ee6250dc: dep-lib-httpdate
Only in vendor/serdes-ai-models/target/debug/.fingerprint/httpdate-b99f103f88e48eed: dep-lib-httpdate
Only in vendor/serdes-ai-models/target/debug/.fingerprint/hyper-4e6f801908b0c5b9: dep-lib-hyper
Only in vendor/serdes-ai-models/target/debug/.fingerprint/hyper-aa43e70800ade9ee: dep-lib-hyper
Only in vendor/serdes-ai-models/target/debug/.fingerprint/hyper-rustls-01752bb4a2021e19: dep-lib-hyper_rustls
Only in vendor/serdes-ai-models/target/debug/.fingerprint/hyper-rustls-6807e331d0ddf17b: dep-lib-hyper_rustls
Only in vendor/serdes-ai-models/target/debug/.fingerprint/hyper-util-773d0da5d9e8c5fc: dep-lib-hyper_util
Only in vendor/serdes-ai-models/target/debug/.fingerprint/hyper-util-96c0d2f41fc794fc: dep-lib-hyper_util
Only in vendor/serdes-ai-models/target/debug/.fingerprint/iana-time-zone-107204a71cdd296d: dep-lib-iana_time_zone
Only in vendor/serdes-ai-models/target/debug/.fingerprint/iana-time-zone-3f8159f1b3df595d: dep-lib-iana_time_zone
Only in vendor/serdes-ai-models/target/debug/.fingerprint/icu_collections-3a0d3397c02b8c3f: dep-lib-icu_collections
Only in vendor/serdes-ai-models/target/debug/.fingerprint/icu_collections-3d61f9550eadc73f: dep-lib-icu_collections
Only in vendor/serdes-ai-models/target/debug/.fingerprint/icu_locale_core-294db36d8550f396: dep-lib-icu_locale_core
Only in vendor/serdes-ai-models/target/debug/.fingerprint/icu_locale_core-78592c378985d741: dep-lib-icu_locale_core
Only in vendor/serdes-ai-models/target/debug/.fingerprint/icu_normalizer-1a78cc245e0d3f3a: dep-lib-icu_normalizer
Only in vendor/serdes-ai-models/target/debug/.fingerprint/icu_normalizer-278e0ca92335e27e: dep-lib-icu_normalizer
Only in vendor/serdes-ai-models/target/debug/.fingerprint/icu_normalizer_data-1e39fcf364342d30: dep-lib-icu_normalizer_data
Only in vendor/serdes-ai-models/target/debug/.fingerprint/icu_normalizer_data-2756fb279c1259e0: dep-lib-icu_normalizer_data
Only in vendor/serdes-ai-models/target/debug/.fingerprint/icu_normalizer_data-993178ebf1ead50c: dep-build-script-build-script-build
Only in vendor/serdes-ai-models/target/debug/.fingerprint/icu_properties-17d7a81ab343545c: dep-lib-icu_properties
Only in vendor/serdes-ai-models/target/debug/.fingerprint/icu_properties-a7b1b99fe4ee9e08: dep-lib-icu_properties
Only in vendor/serdes-ai-models/target/debug/.fingerprint/icu_properties_data-905ede205363a536: dep-lib-icu_properties_data
Only in vendor/serdes-ai-models/target/debug/.fingerprint/icu_properties_data-d4e8c5e65329ada8: dep-lib-icu_properties_data
Only in vendor/serdes-ai-models/target/debug/.fingerprint/icu_properties_data-ff64581ce8ed489f: dep-build-script-build-script-build
Only in vendor/serdes-ai-models/target/debug/.fingerprint/icu_provider-acd8a1c249ec7286: dep-lib-icu_provider
Only in vendor/serdes-ai-models/target/debug/.fingerprint/icu_provider-b331bbd8f0d60cb8: dep-lib-icu_provider
Only in vendor/serdes-ai-models/target/debug/.fingerprint/ident_case-acda4b75fe6d909d: dep-lib-ident_case
Only in vendor/serdes-ai-models/target/debug/.fingerprint/idna-967471dbb4012292: dep-lib-idna
Only in vendor/serdes-ai-models/target/debug/.fingerprint/idna-992ea5329e98e88b: dep-lib-idna
Only in vendor/serdes-ai-models/target/debug/.fingerprint/idna_adapter-8a8df18615940807: dep-lib-idna_adapter
Only in vendor/serdes-ai-models/target/debug/.fingerprint/idna_adapter-9aa5824fe1fc21cf: dep-lib-idna_adapter
Only in vendor/serdes-ai-models/target/debug/.fingerprint/indexmap-1d525e018295ed84: dep-lib-indexmap
Only in vendor/serdes-ai-models/target/debug/.fingerprint/indexmap-51b6a62a2856dc8d: dep-lib-indexmap
Only in vendor/serdes-ai-models/target/debug/.fingerprint/indexmap-7bcd84f9426ca651: dep-lib-indexmap
Only in vendor/serdes-ai-models/target/debug/.fingerprint/indexmap-a90540b550aa21b7: dep-lib-indexmap
Only in vendor/serdes-ai-models/target/debug/.fingerprint/ipnet-33aa2a00bb81a293: dep-lib-ipnet
Only in vendor/serdes-ai-models/target/debug/.fingerprint/ipnet-d8c88339a57a9c08: dep-lib-ipnet
Only in vendor/serdes-ai-models/target/debug/.fingerprint/itoa-b44586fc39d2b7cf: dep-lib-itoa
Only in vendor/serdes-ai-models/target/debug/.fingerprint/itoa-f248e7d748716cf6: dep-lib-itoa
Only in vendor/serdes-ai-models/target/debug/.fingerprint/lazy_static-410711471262499a: dep-lib-lazy_static
Only in vendor/serdes-ai-models/target/debug/.fingerprint/lazy_static-798748bfac35ae8e: dep-lib-lazy_static
Only in vendor/serdes-ai-models/target/debug/.fingerprint/libc-0f790310bbe32b30: dep-lib-libc
Only in vendor/serdes-ai-models/target/debug/.fingerprint/libc-da699a7c684b32f6: dep-build-script-build-script-build
Only in vendor/serdes-ai-models/target/debug/.fingerprint/libc-daad9fe4d12f6b51: dep-lib-libc
Only in vendor/serdes-ai-models/target/debug/.fingerprint/litemap-2a12e54573cbfaf7: dep-lib-litemap
Only in vendor/serdes-ai-models/target/debug/.fingerprint/litemap-9a9d0a8ccdc59e61: dep-lib-litemap
Only in vendor/serdes-ai-models/target/debug/.fingerprint/lock_api-68826fa7a131327c: dep-lib-lock_api
Only in vendor/serdes-ai-models/target/debug/.fingerprint/lock_api-7a37a38473fcc259: dep-lib-lock_api
Only in vendor/serdes-ai-models/target/debug/.fingerprint/log-219f04f16aa7a1c5: dep-lib-log
Only in vendor/serdes-ai-models/target/debug/.fingerprint/log-d6c6eae963f555e6: dep-lib-log
Only in vendor/serdes-ai-models/target/debug/.fingerprint/memchr-0ed01910f16c2174: dep-lib-memchr
Only in vendor/serdes-ai-models/target/debug/.fingerprint/memchr-33d9faf5a30a66f8: dep-lib-memchr
Only in vendor/serdes-ai-models/target/debug/.fingerprint/memchr-f4df34957fb3253a: dep-lib-memchr
Only in vendor/serdes-ai-models/target/debug/.fingerprint/mime-6fbc9c52b3259347: dep-lib-mime
Only in vendor/serdes-ai-models/target/debug/.fingerprint/mime-7ac5e95a93116c21: dep-lib-mime
Only in vendor/serdes-ai-models/target/debug/.fingerprint/mio-a54a32426acbb890: dep-lib-mio
Only in vendor/serdes-ai-models/target/debug/.fingerprint/mio-c6936028f050e39f: dep-lib-mio
Only in vendor/serdes-ai-models/target/debug/.fingerprint/mockall-956a7de95d328777: dep-lib-mockall
Only in vendor/serdes-ai-models/target/debug/.fingerprint/mockall-e95d1fd1a81c1887: dep-lib-mockall
Only in vendor/serdes-ai-models/target/debug/.fingerprint/mockall_derive-8b4c11ab7e73453c: dep-lib-mockall_derive
Only in vendor/serdes-ai-models/target/debug/.fingerprint/mockall_derive-bcd17a9089fc1909: dep-lib-mockall_derive
Only in vendor/serdes-ai-models/target/debug/.fingerprint/num-traits-11f77835ec61b7d2: dep-build-script-build-script-build
Only in vendor/serdes-ai-models/target/debug/.fingerprint/num-traits-38a921fc078c9805: dep-lib-num_traits
Only in vendor/serdes-ai-models/target/debug/.fingerprint/num-traits-c8ae48ccc9fb41ae: dep-lib-num_traits
Only in vendor/serdes-ai-models/target/debug/.fingerprint/num_cpus-cf3b7141cb11318b: dep-lib-num_cpus
Only in vendor/serdes-ai-models/target/debug/.fingerprint/num_cpus-ff736609f849d159: dep-lib-num_cpus
Only in vendor/serdes-ai-models/target/debug/.fingerprint/once_cell-3fea0d697183d2e7: dep-lib-once_cell
Only in vendor/serdes-ai-models/target/debug/.fingerprint/once_cell-716c43cced633c62: dep-lib-once_cell
Only in vendor/serdes-ai-models/target/debug/.fingerprint/parking_lot-bbe3201335094228: dep-lib-parking_lot
Only in vendor/serdes-ai-models/target/debug/.fingerprint/parking_lot-e708772dea73b7f8: dep-lib-parking_lot
Only in vendor/serdes-ai-models/target/debug/.fingerprint/parking_lot_core-0afe44e7005191fa: dep-build-script-build-script-build
Only in vendor/serdes-ai-models/target/debug/.fingerprint/parking_lot_core-b89813148995c67b: dep-lib-parking_lot_core
Only in vendor/serdes-ai-models/target/debug/.fingerprint/parking_lot_core-d8eb36142cefa5e3: dep-lib-parking_lot_core
Only in vendor/serdes-ai-models/target/debug/.fingerprint/percent-encoding-283ec43be665d3bc: dep-lib-percent_encoding
Only in vendor/serdes-ai-models/target/debug/.fingerprint/percent-encoding-76226f1a5c7d4040: dep-lib-percent_encoding
Only in vendor/serdes-ai-models/target/debug/.fingerprint/pin-project-lite-586ef38be16ef8c8: dep-lib-pin_project_lite
Only in vendor/serdes-ai-models/target/debug/.fingerprint/pin-project-lite-e638a9f60b0db172: dep-lib-pin_project_lite
Only in vendor/serdes-ai-models/target/debug/.fingerprint/potential_utf-64d87ba5601471d2: dep-lib-potential_utf
Only in vendor/serdes-ai-models/target/debug/.fingerprint/potential_utf-ef2191239b4c17fa: dep-lib-potential_utf
Only in vendor/serdes-ai-models/target/debug/.fingerprint/predicates-6a2847424c76a043: dep-lib-predicates
Only in vendor/serdes-ai-models/target/debug/.fingerprint/predicates-ac2fc095a5e61528: dep-lib-predicates
Only in vendor/serdes-ai-models/target/debug/.fingerprint/predicates-core-6836066b9caa5784: dep-lib-predicates_core
Only in vendor/serdes-ai-models/target/debug/.fingerprint/predicates-core-a874b5fbbfa5dfc7: dep-lib-predicates_core
Only in vendor/serdes-ai-models/target/debug/.fingerprint/predicates-tree-7708263f075562d0: dep-lib-predicates_tree
Only in vendor/serdes-ai-models/target/debug/.fingerprint/predicates-tree-778eeddae5b00178: dep-lib-predicates_tree
Only in vendor/serdes-ai-models/target/debug/.fingerprint/proc-macro-crate-d94d87b4b3a16477: dep-lib-proc_macro_crate
Only in vendor/serdes-ai-models/target/debug/.fingerprint/proc-macro-crate-deabbd35c02f4199: dep-lib-proc_macro_crate
Only in vendor/serdes-ai-models/target/debug/.fingerprint/proc-macro2-036fdaae11521616: dep-lib-proc_macro2
Only in vendor/serdes-ai-models/target/debug/.fingerprint/proc-macro2-a9a867ab9beed054: dep-build-script-build-script-build
Only in vendor/serdes-ai-models/target/debug/.fingerprint/quote-54b6e7941a59e2dc: dep-lib-quote
Only in vendor/serdes-ai-models/target/debug/.fingerprint/quote-e9b907310740fafc: dep-build-script-build-script-build
Only in vendor/serdes-ai-models/target/debug/.fingerprint/regex-45d893ebf522c6c1: dep-lib-regex
Only in vendor/serdes-ai-models/target/debug/.fingerprint/regex-49d6a0f66ba244c8: dep-lib-regex
Only in vendor/serdes-ai-models/target/debug/.fingerprint/regex-7b271bd073f6364d: dep-lib-regex
Only in vendor/serdes-ai-models/target/debug/.fingerprint/regex-ae55c2b25ceee599: dep-lib-regex
Only in vendor/serdes-ai-models/target/debug/.fingerprint/regex-automata-0484a59d8327327b: dep-lib-regex_automata
Only in vendor/serdes-ai-models/target/debug/.fingerprint/regex-automata-5029a32b1015eb6b: dep-lib-regex_automata
Only in vendor/serdes-ai-models/target/debug/.fingerprint/regex-automata-7047cdff16a5d4fd: dep-lib-regex_automata
Only in vendor/serdes-ai-models/target/debug/.fingerprint/regex-automata-e8d92f35a06b4b82: dep-lib-regex_automata
Only in vendor/serdes-ai-models/target/debug/.fingerprint/regex-syntax-99ea0c79c90605ae: dep-lib-regex_syntax
Only in vendor/serdes-ai-models/target/debug/.fingerprint/regex-syntax-bc23f01fbf2be993: dep-lib-regex_syntax
Only in vendor/serdes-ai-models/target/debug/.fingerprint/regex-syntax-d1107f5217faf9f6: dep-lib-regex_syntax
Only in vendor/serdes-ai-models/target/debug/.fingerprint/relative-path-e0e01f435e505c47: dep-lib-relative_path
Only in vendor/serdes-ai-models/target/debug/.fingerprint/reqwest-d09a6695f29081a8: dep-lib-reqwest
Only in vendor/serdes-ai-models/target/debug/.fingerprint/reqwest-d9711d6428e35a72: dep-lib-reqwest
Only in vendor/serdes-ai-models/target/debug/.fingerprint/ring-936c617359ab1abb: dep-build-script-build-script-build
Only in vendor/serdes-ai-models/target/debug/.fingerprint/ring-d8d77181661f7976: dep-lib-ring
Only in vendor/serdes-ai-models/target/debug/.fingerprint/ring-e12885935d0f7a94: dep-lib-ring
Only in vendor/serdes-ai-models/target/debug/.fingerprint/rstest-11bdb1b742403091: dep-lib-rstest
Only in vendor/serdes-ai-models/target/debug/.fingerprint/rstest-859979f9a2932b93: dep-lib-rstest
Only in vendor/serdes-ai-models/target/debug/.fingerprint/rstest_macros-44e48993b378f25c: dep-lib-rstest_macros
Only in vendor/serdes-ai-models/target/debug/.fingerprint/rstest_macros-b75a8a7a3821db91: dep-build-script-build-script-build
Only in vendor/serdes-ai-models/target/debug/.fingerprint/rstest_macros-bcc5c6fbfdf803a2: dep-lib-rstest_macros
Only in vendor/serdes-ai-models/target/debug/.fingerprint/rustc_version-ec304c2c649df000: dep-lib-rustc_version
Only in vendor/serdes-ai-models/target/debug/.fingerprint/rustls-5fb03e8325a7c356: dep-build-script-build-script-build
Only in vendor/serdes-ai-models/target/debug/.fingerprint/rustls-e002fc44c3e7d150: dep-lib-rustls
Only in vendor/serdes-ai-models/target/debug/.fingerprint/rustls-f2485ce22736a1e7: dep-lib-rustls
Only in vendor/serdes-ai-models/target/debug/.fingerprint/rustls-pki-types-6b812368af3cf5a5: dep-lib-rustls_pki_types
Only in vendor/serdes-ai-models/target/debug/.fingerprint/rustls-pki-types-eb68bdb68f12ebc5: dep-lib-rustls_pki_types
Only in vendor/serdes-ai-models/target/debug/.fingerprint/rustls-webpki-22a12c0739e68993: dep-lib-webpki
Only in vendor/serdes-ai-models/target/debug/.fingerprint/rustls-webpki-c0b0ec55c4579fdc: dep-lib-webpki
Only in vendor/serdes-ai-models/target/debug/.fingerprint/ryu-39719d9a85ab13ca: dep-lib-ryu
Only in vendor/serdes-ai-models/target/debug/.fingerprint/ryu-df2e317c575e93a4: dep-lib-ryu
Only in vendor/serdes-ai-models/target/debug/.fingerprint/scopeguard-03f093378f853884: dep-lib-scopeguard
Only in vendor/serdes-ai-models/target/debug/.fingerprint/scopeguard-c7d78ba8fcbcef17: dep-lib-scopeguard
Only in vendor/serdes-ai-models/target/debug/.fingerprint/semver-b78aa7bad27a15d1: dep-lib-semver
Only in vendor/serdes-ai-models/target/debug/.fingerprint/serde-493c7ba43ab5a5a0: dep-lib-serde
Only in vendor/serdes-ai-models/target/debug/.fingerprint/serde-58608e64841e7d58: dep-lib-serde
Only in vendor/serdes-ai-models/target/debug/.fingerprint/serde-b7a6eb3f33dd115e: dep-build-script-build-script-build
Only in vendor/serdes-ai-models/target/debug/.fingerprint/serde_core-145e1b7ad71cc600: dep-build-script-build-script-build
Only in vendor/serdes-ai-models/target/debug/.fingerprint/serde_core-32b5861d68088a5e: dep-lib-serde_core
Only in vendor/serdes-ai-models/target/debug/.fingerprint/serde_core-63e1c29ebeb9d8a5: dep-lib-serde_core
Only in vendor/serdes-ai-models/target/debug/.fingerprint/serde_derive-8582f39ea2e607ab: dep-lib-serde_derive
Only in vendor/serdes-ai-models/target/debug/.fingerprint/serde_json-515eccc9f7e72488: dep-build-script-build-script-build
Only in vendor/serdes-ai-models/target/debug/.fingerprint/serde_json-7c614816fe7e642c: dep-lib-serde_json
Only in vendor/serdes-ai-models/target/debug/.fingerprint/serde_json-e42769291c2ad551: dep-lib-serde_json
Only in vendor/serdes-ai-models/target/debug/.fingerprint/serde_urlencoded-9918dbf66aece15e: dep-lib-serde_urlencoded
Only in vendor/serdes-ai-models/target/debug/.fingerprint/serde_urlencoded-d60952d64b7f799e: dep-lib-serde_urlencoded
Only in vendor/serdes-ai-models/target/debug/.fingerprint/serdes-ai-core-5a0e3f564b4cfc36: dep-lib-serdes_ai_core
Only in vendor/serdes-ai-models/target/debug/.fingerprint/serdes-ai-core-e269cb0376245964: dep-lib-serdes_ai_core
Only in vendor/serdes-ai-models/target/debug/.fingerprint/serdes-ai-macros-600ca6b0f0bdbf5a: dep-lib-serdes_ai_macros
Only in vendor/serdes-ai-models/target/debug/.fingerprint/serdes-ai-macros-60987b3d211c9d29: dep-lib-serdes_ai_macros
Only in vendor/serdes-ai-models/target/debug/.fingerprint/serdes-ai-models-a595c3e1230460d9: dep-lib-serdes_ai_models
Only in vendor/serdes-ai-models/target/debug/.fingerprint/serdes-ai-models-b7eb8b5fcee5b498: dep-test-lib-serdes_ai_models
Only in vendor/serdes-ai-models/target/debug/.fingerprint/serdes-ai-models-cf433a205dcfc2e1: dep-test-lib-serdes_ai_models
Only in vendor/serdes-ai-models/target/debug/.fingerprint/serdes-ai-models-e9585023263c71a1: dep-lib-serdes_ai_models
Only in vendor/serdes-ai-models/target/debug/.fingerprint/serdes-ai-output-4ee3449b090cb6b7: dep-lib-serdes_ai_output
Only in vendor/serdes-ai-models/target/debug/.fingerprint/serdes-ai-output-53a61897a1d4237b: dep-lib-serdes_ai_output
Only in vendor/serdes-ai-models/target/debug/.fingerprint/serdes-ai-tools-268e29b9ab105c7b: dep-lib-serdes_ai_tools
Only in vendor/serdes-ai-models/target/debug/.fingerprint/serdes-ai-tools-591e6dae47209557: dep-lib-serdes_ai_tools
Only in vendor/serdes-ai-models/target/debug/.fingerprint/serdes-ai-toolsets-54f14a25f88c3096: dep-lib-serdes_ai_toolsets
Only in vendor/serdes-ai-models/target/debug/.fingerprint/serdes-ai-toolsets-baabe2751f2a5af1: dep-lib-serdes_ai_toolsets
Only in vendor/serdes-ai-models/target/debug/.fingerprint/shlex-5240bc2566ac9ef9: dep-lib-shlex
Only in vendor/serdes-ai-models/target/debug/.fingerprint/signal-hook-registry-3c146eafdf73e590: dep-lib-signal_hook_registry
Only in vendor/serdes-ai-models/target/debug/.fingerprint/signal-hook-registry-561ce9c6838cc4a8: dep-lib-signal_hook_registry
Only in vendor/serdes-ai-models/target/debug/.fingerprint/slab-2f488bde99058075: dep-lib-slab
Only in vendor/serdes-ai-models/target/debug/.fingerprint/slab-35256d05aa8af191: dep-lib-slab
Only in vendor/serdes-ai-models/target/debug/.fingerprint/smallvec-3273cde8a37cc205: dep-lib-smallvec
Only in vendor/serdes-ai-models/target/debug/.fingerprint/smallvec-5a083560b132cd2d: dep-lib-smallvec
Only in vendor/serdes-ai-models/target/debug/.fingerprint/socket2-4cd51669deea6a85: dep-lib-socket2
Only in vendor/serdes-ai-models/target/debug/.fingerprint/socket2-a0653e45d0debd8b: dep-lib-socket2
Only in vendor/serdes-ai-models/target/debug/.fingerprint/stable_deref_trait-26884c7323890b3b: dep-lib-stable_deref_trait
Only in vendor/serdes-ai-models/target/debug/.fingerprint/stable_deref_trait-8be854e8812732e1: dep-lib-stable_deref_trait
Only in vendor/serdes-ai-models/target/debug/.fingerprint/strsim-0e4fe4b06f384094: dep-lib-strsim
Only in vendor/serdes-ai-models/target/debug/.fingerprint/subtle-00666f39de402553: dep-lib-subtle
Only in vendor/serdes-ai-models/target/debug/.fingerprint/subtle-f3b19532e8b070c4: dep-lib-subtle
Only in vendor/serdes-ai-models/target/debug/.fingerprint/syn-5dd34e8ddf880085: dep-lib-syn
Only in vendor/serdes-ai-models/target/debug/.fingerprint/syn-917c9107b1cc443d: dep-lib-syn
Only in vendor/serdes-ai-models/target/debug/.fingerprint/sync_wrapper-386e3e7612a8d144: dep-lib-sync_wrapper
Only in vendor/serdes-ai-models/target/debug/.fingerprint/sync_wrapper-8549eefaa1c78495: dep-lib-sync_wrapper
Only in vendor/serdes-ai-models/target/debug/.fingerprint/synstructure-53a97ead95820422: dep-lib-synstructure
Only in vendor/serdes-ai-models/target/debug/.fingerprint/termtree-d40ff6a9b8ae1033: dep-lib-termtree
Only in vendor/serdes-ai-models/target/debug/.fingerprint/termtree-eb1c8da80e0d0f3a: dep-lib-termtree
Only in vendor/serdes-ai-models/target/debug/.fingerprint/thiserror-00244796d331d047: dep-build-script-build-script-build
Only in vendor/serdes-ai-models/target/debug/.fingerprint/thiserror-36a249c9750efaf1: dep-lib-thiserror
Only in vendor/serdes-ai-models/target/debug/.fingerprint/thiserror-906297181b2cdcf9: dep-lib-thiserror
Only in vendor/serdes-ai-models/target/debug/.fingerprint/thiserror-impl-b4eaf5450e3933f3: dep-lib-thiserror_impl
Only in vendor/serdes-ai-models/target/debug/.fingerprint/tinystr-b641cb6c1c78f306: dep-lib-tinystr
Only in vendor/serdes-ai-models/target/debug/.fingerprint/tinystr-b99b4748f1da5f91: dep-lib-tinystr
Only in vendor/serdes-ai-models/target/debug/.fingerprint/tokio-b5323e7c8b966db6: dep-lib-tokio
Only in vendor/serdes-ai-models/target/debug/.fingerprint/tokio-f32360f8dc0fa4fc: dep-lib-tokio
Only in vendor/serdes-ai-models/target/debug/.fingerprint/tokio-macros-6350068c7b31601e: dep-lib-tokio_macros
Only in vendor/serdes-ai-models/target/debug/.fingerprint/tokio-rustls-5a54960868a3093b: dep-lib-tokio_rustls
Only in vendor/serdes-ai-models/target/debug/.fingerprint/tokio-rustls-dfecc9e15c836482: dep-lib-tokio_rustls
Only in vendor/serdes-ai-models/target/debug/.fingerprint/tokio-stream-2ca27fb0382c53e5: dep-lib-tokio_stream
Only in vendor/serdes-ai-models/target/debug/.fingerprint/tokio-stream-6f4fb8d7c45733c5: dep-lib-tokio_stream
Only in vendor/serdes-ai-models/target/debug/.fingerprint/tokio-test-2a6ea3edb07207e6: dep-lib-tokio_test
Only in vendor/serdes-ai-models/target/debug/.fingerprint/tokio-test-517a08fdcf193f25: dep-lib-tokio_test
Only in vendor/serdes-ai-models/target/debug/.fingerprint/tokio-util-bd404830881709c5: dep-lib-tokio_util
Only in vendor/serdes-ai-models/target/debug/.fingerprint/tokio-util-ff268aea8992bd21: dep-lib-tokio_util
Only in vendor/serdes-ai-models/target/debug/.fingerprint/toml_datetime-374a568efae1db6e: dep-lib-toml_datetime
Only in vendor/serdes-ai-models/target/debug/.fingerprint/toml_edit-8f23fcb0658f1830: dep-lib-toml_edit
Only in vendor/serdes-ai-models/target/debug/.fingerprint/toml_edit-f4adef4254abc44d: dep-lib-toml_edit
Only in vendor/serdes-ai-models/target/debug/.fingerprint/toml_parser-35f310adc0920f07: dep-lib-toml_parser
Only in vendor/serdes-ai-models/target/debug/.fingerprint/tower-0c1f2c771131cb7c: dep-lib-tower
Only in vendor/serdes-ai-models/target/debug/.fingerprint/tower-fa9cffee40b0773c: dep-lib-tower
Only in vendor/serdes-ai-models/target/debug/.fingerprint/tower-http-9e922957aa2b40db: dep-lib-tower_http
Only in vendor/serdes-ai-models/target/debug/.fingerprint/tower-http-fb5ec854896ed85d: dep-lib-tower_http
Only in vendor/serdes-ai-models/target/debug/.fingerprint/tower-layer-60525c935857f972: dep-lib-tower_layer
Only in vendor/serdes-ai-models/target/debug/.fingerprint/tower-layer-a70990afb6cf9a12: dep-lib-tower_layer
Only in vendor/serdes-ai-models/target/debug/.fingerprint/tower-service-3e874b44b1de8bae: dep-lib-tower_service
Only in vendor/serdes-ai-models/target/debug/.fingerprint/tower-service-7f41eb306fcc408a: dep-lib-tower_service
Only in vendor/serdes-ai-models/target/debug/.fingerprint/tracing-04c8cf0348e2b3f5: dep-lib-tracing
Only in vendor/serdes-ai-models/target/debug/.fingerprint/tracing-303962bce396c0bc: dep-lib-tracing
Only in vendor/serdes-ai-models/target/debug/.fingerprint/tracing-attributes-b8ac1222d4360abe: dep-lib-tracing_attributes
Only in vendor/serdes-ai-models/target/debug/.fingerprint/tracing-core-346b007a9c3b031d: dep-lib-tracing_core
Only in vendor/serdes-ai-models/target/debug/.fingerprint/tracing-core-ea2af4d333127416: dep-lib-tracing_core
Only in vendor/serdes-ai-models/target/debug/.fingerprint/try-lock-8ca481baa00be8b1: dep-lib-try_lock
Only in vendor/serdes-ai-models/target/debug/.fingerprint/try-lock-c63e7b41a931d74d: dep-lib-try_lock
Only in vendor/serdes-ai-models/target/debug/.fingerprint/unicode-ident-fec03648d3ee7fd4: dep-lib-unicode_ident
Only in vendor/serdes-ai-models/target/debug/.fingerprint/untrusted-4e24c59026e223f9: dep-lib-untrusted
Only in vendor/serdes-ai-models/target/debug/.fingerprint/untrusted-d62c3ed937b63582: dep-lib-untrusted
Only in vendor/serdes-ai-models/target/debug/.fingerprint/url-2c08f791e97361d9: dep-lib-url
Only in vendor/serdes-ai-models/target/debug/.fingerprint/url-81ca8fb964867fcc: dep-lib-url
Only in vendor/serdes-ai-models/target/debug/.fingerprint/utf8_iter-0fb0fb1a7515565d: dep-lib-utf8_iter
Only in vendor/serdes-ai-models/target/debug/.fingerprint/utf8_iter-10590c8c514694c9: dep-lib-utf8_iter
Only in vendor/serdes-ai-models/target/debug/.fingerprint/uuid-726d7e8fd6427c18: dep-lib-uuid
Only in vendor/serdes-ai-models/target/debug/.fingerprint/uuid-d47999fed07baaa0: dep-lib-uuid
Only in vendor/serdes-ai-models/target/debug/.fingerprint/want-23c907daa95da708: dep-lib-want
Only in vendor/serdes-ai-models/target/debug/.fingerprint/want-fc8c3bfd61515640: dep-lib-want
Only in vendor/serdes-ai-models/target/debug/.fingerprint/webpki-roots-1ddb5c6660fa7a53: dep-lib-webpki_roots
Only in vendor/serdes-ai-models/target/debug/.fingerprint/webpki-roots-75676717d43b7ad4: dep-lib-webpki_roots
Only in vendor/serdes-ai-models/target/debug/.fingerprint/winnow-8fb320a5a86b056e: dep-lib-winnow
Only in vendor/serdes-ai-models/target/debug/.fingerprint/wiremock-6e18577af99aa4e8: dep-lib-wiremock
Only in vendor/serdes-ai-models/target/debug/.fingerprint/wiremock-d96d2191ff4bb790: dep-lib-wiremock
Only in vendor/serdes-ai-models/target/debug/.fingerprint/writeable-b4ad73ab9270eb17: dep-lib-writeable
Only in vendor/serdes-ai-models/target/debug/.fingerprint/writeable-d1214f1d0f702709: dep-lib-writeable
Only in vendor/serdes-ai-models/target/debug/.fingerprint/yoke-167aee1c9eb4e65e: dep-lib-yoke
Only in vendor/serdes-ai-models/target/debug/.fingerprint/yoke-26b750d4c3b79fd5: dep-lib-yoke
Only in vendor/serdes-ai-models/target/debug/.fingerprint/yoke-derive-e40c758ed81544dc: dep-lib-yoke_derive
Only in vendor/serdes-ai-models/target/debug/.fingerprint/zerofrom-0cfac90107e2db34: dep-lib-zerofrom
Only in vendor/serdes-ai-models/target/debug/.fingerprint/zerofrom-c6741475c9e186e8: dep-lib-zerofrom
Only in vendor/serdes-ai-models/target/debug/.fingerprint/zerofrom-derive-9951e69253aab757: dep-lib-zerofrom_derive
Only in vendor/serdes-ai-models/target/debug/.fingerprint/zeroize-24bd8f00e3e86509: dep-lib-zeroize
Only in vendor/serdes-ai-models/target/debug/.fingerprint/zeroize-c839e522d07573d1: dep-lib-zeroize
Only in vendor/serdes-ai-models/target/debug/.fingerprint/zerotrie-95bf9d89ae496555: dep-lib-zerotrie
Only in vendor/serdes-ai-models/target/debug/.fingerprint/zerotrie-999c71a7714bcbb9: dep-lib-zerotrie
Only in vendor/serdes-ai-models/target/debug/.fingerprint/zerovec-6c6fa402f61c9f79: dep-lib-zerovec
Only in vendor/serdes-ai-models/target/debug/.fingerprint/zerovec-794d707753cb061a: dep-lib-zerovec
Only in vendor/serdes-ai-models/target/debug/.fingerprint/zerovec-derive-9eb648cd1f1970c2: dep-lib-zerovec_derive
Only in vendor/serdes-ai-models/target/debug/.fingerprint/zmij-4f51e818dc1b3dc5: dep-build-script-build-script-build
Only in vendor/serdes-ai-models/target/debug/.fingerprint/zmij-9e60319a8c05d239: dep-lib-zmij
Only in vendor/serdes-ai-models/target/debug/.fingerprint/zmij-aa636fc82cb9bd44: dep-lib-zmij
Only in vendor/serdes-ai-models/target/debug/build/anyhow-457762dba6aa7c91: build-script-build
Only in vendor/serdes-ai-models/target/debug/build/anyhow-457762dba6aa7c91: build_script_build-457762dba6aa7c91
Only in vendor/serdes-ai-models/target/debug/build/anyhow-731f98f49e43428f: out
Only in vendor/serdes-ai-models/target/debug/build/anyhow-731f98f49e43428f: stderr
Only in vendor/serdes-ai-models/target/debug/build/getrandom-141f02f8f089fad6: out
Only in vendor/serdes-ai-models/target/debug/build/getrandom-141f02f8f089fad6: stderr
Only in vendor/serdes-ai-models/target/debug/build/getrandom-6758296f7ad82036: build-script-build
Only in vendor/serdes-ai-models/target/debug/build/getrandom-6758296f7ad82036: build_script_build-6758296f7ad82036
Only in vendor/serdes-ai-models/target/debug/build/httparse-4be9d028fbaa9a6c: out
Only in vendor/serdes-ai-models/target/debug/build/httparse-4be9d028fbaa9a6c: stderr
Only in vendor/serdes-ai-models/target/debug/build/httparse-d9b1ad2e0c3b3d8d: build-script-build
Only in vendor/serdes-ai-models/target/debug/build/httparse-d9b1ad2e0c3b3d8d: build_script_build-d9b1ad2e0c3b3d8d
Only in vendor/serdes-ai-models/target/debug/build/icu_normalizer_data-993178ebf1ead50c: build-script-build
Only in vendor/serdes-ai-models/target/debug/build/icu_normalizer_data-993178ebf1ead50c: build_script_build-993178ebf1ead50c
Only in vendor/serdes-ai-models/target/debug/build/icu_normalizer_data-bed1e9947c66aee6: out
Only in vendor/serdes-ai-models/target/debug/build/icu_normalizer_data-bed1e9947c66aee6: stderr
Only in vendor/serdes-ai-models/target/debug/build/icu_properties_data-0c31c19c3228fc76: out
Only in vendor/serdes-ai-models/target/debug/build/icu_properties_data-0c31c19c3228fc76: stderr
Only in vendor/serdes-ai-models/target/debug/build/icu_properties_data-ff64581ce8ed489f: build-script-build
Only in vendor/serdes-ai-models/target/debug/build/icu_properties_data-ff64581ce8ed489f: build_script_build-ff64581ce8ed489f
Only in vendor/serdes-ai-models/target/debug/build/libc-a9ab1bf0cadbdc6f: out
Only in vendor/serdes-ai-models/target/debug/build/libc-a9ab1bf0cadbdc6f: stderr
Only in vendor/serdes-ai-models/target/debug/build/libc-da699a7c684b32f6: build-script-build
Only in vendor/serdes-ai-models/target/debug/build/libc-da699a7c684b32f6: build_script_build-da699a7c684b32f6
Only in vendor/serdes-ai-models/target/debug/build/num-traits-11f77835ec61b7d2: build-script-build
Only in vendor/serdes-ai-models/target/debug/build/num-traits-11f77835ec61b7d2: build_script_build-11f77835ec61b7d2
Only in vendor/serdes-ai-models/target/debug/build/num-traits-5d6bb7a00d7aca9d: out
Only in vendor/serdes-ai-models/target/debug/build/num-traits-5d6bb7a00d7aca9d: stderr
Only in vendor/serdes-ai-models/target/debug/build/parking_lot_core-0afe44e7005191fa: build-script-build
Only in vendor/serdes-ai-models/target/debug/build/parking_lot_core-0afe44e7005191fa: build_script_build-0afe44e7005191fa
Only in vendor/serdes-ai-models/target/debug/build/parking_lot_core-9a69304f62573c49: out
Only in vendor/serdes-ai-models/target/debug/build/parking_lot_core-9a69304f62573c49: stderr
Only in vendor/serdes-ai-models/target/debug/build/proc-macro2-a9a867ab9beed054: build-script-build
Only in vendor/serdes-ai-models/target/debug/build/proc-macro2-a9a867ab9beed054: build_script_build-a9a867ab9beed054
Only in vendor/serdes-ai-models/target/debug/build/proc-macro2-e03664c26bfbb8da: out
Only in vendor/serdes-ai-models/target/debug/build/proc-macro2-e03664c26bfbb8da: stderr
Only in vendor/serdes-ai-models/target/debug/build/quote-731c20a02353bfc5: out
Only in vendor/serdes-ai-models/target/debug/build/quote-731c20a02353bfc5: stderr
Only in vendor/serdes-ai-models/target/debug/build/quote-e9b907310740fafc: build-script-build
Only in vendor/serdes-ai-models/target/debug/build/quote-e9b907310740fafc: build_script_build-e9b907310740fafc
Only in vendor/serdes-ai-models/target/debug/build/ring-936c617359ab1abb: build-script-build
Only in vendor/serdes-ai-models/target/debug/build/ring-936c617359ab1abb: build_script_build-936c617359ab1abb
Only in vendor/serdes-ai-models/target/debug/build/ring-d0058c3786847514/out: 00c879ee3285a50d-montgomery.o
Only in vendor/serdes-ai-models/target/debug/build/ring-d0058c3786847514/out: 00c879ee3285a50d-montgomery_inv.o
Only in vendor/serdes-ai-models/target/debug/build/ring-d0058c3786847514/out: 0bbbd18bda93c05b-aes_nohw.o
Only in vendor/serdes-ai-models/target/debug/build/ring-d0058c3786847514/out: 25ac62e5b3c53843-curve25519.o
Only in vendor/serdes-ai-models/target/debug/build/ring-d0058c3786847514/out: a0330e891e733f4e-ecp_nistz.o
Only in vendor/serdes-ai-models/target/debug/build/ring-d0058c3786847514/out: a0330e891e733f4e-gfp_p256.o
Only in vendor/serdes-ai-models/target/debug/build/ring-d0058c3786847514/out: a0330e891e733f4e-gfp_p384.o
Only in vendor/serdes-ai-models/target/debug/build/ring-d0058c3786847514/out: a0330e891e733f4e-p256-nistz.o
Only in vendor/serdes-ai-models/target/debug/build/ring-d0058c3786847514/out: a0330e891e733f4e-p256.o
Only in vendor/serdes-ai-models/target/debug/build/ring-d0058c3786847514/out: a4019cc0736b0423-constant_time_test.o
Only in vendor/serdes-ai-models/target/debug/build/ring-d0058c3786847514/out: a4019cc0736b0423-mem.o
Only in vendor/serdes-ai-models/target/debug/build/ring-d0058c3786847514/out: aaa1ba3e455ee2e1-limbs.o
Only in vendor/serdes-ai-models/target/debug/build/ring-d0058c3786847514/out: c322a0bcc369f531-aesv8-armx-ios64.o
Only in vendor/serdes-ai-models/target/debug/build/ring-d0058c3786847514/out: c322a0bcc369f531-aesv8-gcm-armv8-ios64.o
Only in vendor/serdes-ai-models/target/debug/build/ring-d0058c3786847514/out: c322a0bcc369f531-armv8-mont-ios64.o
Only in vendor/serdes-ai-models/target/debug/build/ring-d0058c3786847514/out: c322a0bcc369f531-chacha-armv8-ios64.o
Only in vendor/serdes-ai-models/target/debug/build/ring-d0058c3786847514/out: c322a0bcc369f531-chacha20_poly1305_armv8-ios64.o
Only in vendor/serdes-ai-models/target/debug/build/ring-d0058c3786847514/out: c322a0bcc369f531-ghash-neon-armv8-ios64.o
Only in vendor/serdes-ai-models/target/debug/build/ring-d0058c3786847514/out: c322a0bcc369f531-ghashv8-armx-ios64.o
Only in vendor/serdes-ai-models/target/debug/build/ring-d0058c3786847514/out: c322a0bcc369f531-p256-armv8-asm-ios64.o
Only in vendor/serdes-ai-models/target/debug/build/ring-d0058c3786847514/out: c322a0bcc369f531-sha256-armv8-ios64.o
Only in vendor/serdes-ai-models/target/debug/build/ring-d0058c3786847514/out: c322a0bcc369f531-sha512-armv8-ios64.o
Only in vendor/serdes-ai-models/target/debug/build/ring-d0058c3786847514/out: c322a0bcc369f531-vpaes-armv8-ios64.o
Only in vendor/serdes-ai-models/target/debug/build/ring-d0058c3786847514/out: d5a9841f3dc6e253-poly1305.o
Only in vendor/serdes-ai-models/target/debug/build/ring-d0058c3786847514/out: flag_check
Only in vendor/serdes-ai-models/target/debug/build/ring-d0058c3786847514/out: libring_core_0_17_14_.a
Only in vendor/serdes-ai-models/target/debug/build/ring-d0058c3786847514/out: libring_core_0_17_14__test.a
Only in vendor/serdes-ai-models/target/debug/build/ring-d0058c3786847514: stderr
Only in vendor/serdes-ai-models/target/debug/build/rstest_macros-10f0bbe41c254269: out
Only in vendor/serdes-ai-models/target/debug/build/rstest_macros-10f0bbe41c254269: output
Only in vendor/serdes-ai-models/target/debug/build/rstest_macros-10f0bbe41c254269: stderr
Only in vendor/serdes-ai-models/target/debug/build/rstest_macros-b75a8a7a3821db91: build-script-build
Only in vendor/serdes-ai-models/target/debug/build/rstest_macros-b75a8a7a3821db91: build_script_build-b75a8a7a3821db91
Only in vendor/serdes-ai-models/target/debug/build/rustls-5fb03e8325a7c356: build-script-build
Only in vendor/serdes-ai-models/target/debug/build/rustls-5fb03e8325a7c356: build_script_build-5fb03e8325a7c356
Only in vendor/serdes-ai-models/target/debug/build/rustls-8ef97b16149ed6bb: out
Only in vendor/serdes-ai-models/target/debug/build/rustls-8ef97b16149ed6bb: output
Only in vendor/serdes-ai-models/target/debug/build/rustls-8ef97b16149ed6bb: stderr
Only in vendor/serdes-ai-models/target/debug/build/serde-b7a6eb3f33dd115e: build-script-build
Only in vendor/serdes-ai-models/target/debug/build/serde-b7a6eb3f33dd115e: build_script_build-b7a6eb3f33dd115e
Only in vendor/serdes-ai-models/target/debug/build/serde-eaa3de96a870a152: stderr
Only in vendor/serdes-ai-models/target/debug/build/serde_core-145e1b7ad71cc600: build-script-build
Only in vendor/serdes-ai-models/target/debug/build/serde_core-145e1b7ad71cc600: build_script_build-145e1b7ad71cc600
Only in vendor/serdes-ai-models/target/debug/build/serde_core-b1e5deccc1304dcc: stderr
Only in vendor/serdes-ai-models/target/debug/build/serde_json-4ac57ca976f56666: out
Only in vendor/serdes-ai-models/target/debug/build/serde_json-4ac57ca976f56666: stderr
Only in vendor/serdes-ai-models/target/debug/build/serde_json-515eccc9f7e72488: build-script-build
Only in vendor/serdes-ai-models/target/debug/build/serde_json-515eccc9f7e72488: build_script_build-515eccc9f7e72488
Only in vendor/serdes-ai-models/target/debug/build/thiserror-00244796d331d047: build-script-build
Only in vendor/serdes-ai-models/target/debug/build/thiserror-00244796d331d047: build_script_build-00244796d331d047
Only in vendor/serdes-ai-models/target/debug/build/thiserror-6eb00b13c333525d: out
Only in vendor/serdes-ai-models/target/debug/build/thiserror-6eb00b13c333525d: stderr
Only in vendor/serdes-ai-models/target/debug/build/zmij-4f51e818dc1b3dc5: build-script-build
Only in vendor/serdes-ai-models/target/debug/build/zmij-4f51e818dc1b3dc5: build_script_build-4f51e818dc1b3dc5
Only in vendor/serdes-ai-models/target/debug/build/zmij-ba859df352c121ea: out
Only in vendor/serdes-ai-models/target/debug/build/zmij-ba859df352c121ea: stderr
Only in vendor/serdes-ai-models/target/debug/deps: aho_corasick-762f880a72391671.aho_corasick.d1563d35d438d9d6-cgu.00.rcgu.o
Only in vendor/serdes-ai-models/target/debug/deps: aho_corasick-762f880a72391671.aho_corasick.d1563d35d438d9d6-cgu.01.rcgu.o
Only in vendor/serdes-ai-models/target/debug/deps: aho_corasick-762f880a72391671.aho_corasick.d1563d35d438d9d6-cgu.02.rcgu.o
Only in vendor/serdes-ai-models/target/debug/deps: aho_corasick-762f880a72391671.aho_corasick.d1563d35d438d9d6-cgu.03.rcgu.o
Only in vendor/serdes-ai-models/target/debug/deps: aho_corasick-762f880a72391671.aho_corasick.d1563d35d438d9d6-cgu.04.rcgu.o
Only in vendor/serdes-ai-models/target/debug/deps: aho_corasick-762f880a72391671.aho_corasick.d1563d35d438d9d6-cgu.05.rcgu.o
Only in vendor/serdes-ai-models/target/debug/deps: aho_corasick-762f880a72391671.aho_corasick.d1563d35d438d9d6-cgu.06.rcgu.o
Only in vendor/serdes-ai-models/target/debug/deps: aho_corasick-762f880a72391671.aho_corasick.d1563d35d438d9d6-cgu.07.rcgu.o
Only in vendor/serdes-ai-models/target/debug/deps: aho_corasick-762f880a72391671.aho_corasick.d1563d35d438d9d6-cgu.08.rcgu.o
Only in vendor/serdes-ai-models/target/debug/deps: aho_corasick-762f880a72391671.aho_corasick.d1563d35d438d9d6-cgu.09.rcgu.o
Only in vendor/serdes-ai-models/target/debug/deps: aho_corasick-762f880a72391671.aho_corasick.d1563d35d438d9d6-cgu.10.rcgu.o
Only in vendor/serdes-ai-models/target/debug/deps: aho_corasick-762f880a72391671.aho_corasick.d1563d35d438d9d6-cgu.11.rcgu.o
Only in vendor/serdes-ai-models/target/debug/deps: aho_corasick-762f880a72391671.aho_corasick.d1563d35d438d9d6-cgu.12.rcgu.o
Only in vendor/serdes-ai-models/target/debug/deps: aho_corasick-762f880a72391671.aho_corasick.d1563d35d438d9d6-cgu.13.rcgu.o
Only in vendor/serdes-ai-models/target/debug/deps: aho_corasick-762f880a72391671.aho_corasick.d1563d35d438d9d6-cgu.14.rcgu.o
Only in vendor/serdes-ai-models/target/debug/deps: aho_corasick-762f880a72391671.aho_corasick.d1563d35d438d9d6-cgu.15.rcgu.o
Only in vendor/serdes-ai-models/target/debug/deps: aho_corasick-faf99c296d0ac655.aho_corasick.8fb90dc2ef0b1c35-cgu.00.rcgu.o
Only in vendor/serdes-ai-models/target/debug/deps: aho_corasick-faf99c296d0ac655.aho_corasick.8fb90dc2ef0b1c35-cgu.01.rcgu.o
Only in vendor/serdes-ai-models/target/debug/deps: aho_corasick-faf99c296d0ac655.aho_corasick.8fb90dc2ef0b1c35-cgu.02.rcgu.o
Only in vendor/serdes-ai-models/target/debug/deps: aho_corasick-faf99c296d0ac655.aho_corasick.8fb90dc2ef0b1c35-cgu.03.rcgu.o
Only in vendor/serdes-ai-models/target/debug/deps: aho_corasick-faf99c296d0ac655.aho_corasick.8fb90dc2ef0b1c35-cgu.04.rcgu.o
Only in vendor/serdes-ai-models/target/debug/deps: aho_corasick-faf99c296d0ac655.aho_corasick.8fb90dc2ef0b1c35-cgu.05.rcgu.o
Only in vendor/serdes-ai-models/target/debug/deps: aho_corasick-faf99c296d0ac655.aho_corasick.8fb90dc2ef0b1c35-cgu.06.rcgu.o
Only in vendor/serdes-ai-models/target/debug/deps: aho_corasick-faf99c296d0ac655.aho_corasick.8fb90dc2ef0b1c35-cgu.07.rcgu.o
Only in vendor/serdes-ai-models/target/debug/deps: aho_corasick-faf99c296d0ac655.aho_corasick.8fb90dc2ef0b1c35-cgu.08.rcgu.o
Only in vendor/serdes-ai-models/target/debug/deps: aho_corasick-faf99c296d0ac655.aho_corasick.8fb90dc2ef0b1c35-cgu.09.rcgu.o
Only in vendor/serdes-ai-models/target/debug/deps: aho_corasick-faf99c296d0ac655.aho_corasick.8fb90dc2ef0b1c35-cgu.10.rcgu.o
Only in vendor/serdes-ai-models/target/debug/deps: aho_corasick-faf99c296d0ac655.aho_corasick.8fb90dc2ef0b1c35-cgu.11.rcgu.o
Only in vendor/serdes-ai-models/target/debug/deps: aho_corasick-faf99c296d0ac655.aho_corasick.8fb90dc2ef0b1c35-cgu.12.rcgu.o
Only in vendor/serdes-ai-models/target/debug/deps: aho_corasick-faf99c296d0ac655.aho_corasick.8fb90dc2ef0b1c35-cgu.13.rcgu.o
Only in vendor/serdes-ai-models/target/debug/deps: aho_corasick-faf99c296d0ac655.aho_corasick.8fb90dc2ef0b1c35-cgu.14.rcgu.o
Only in vendor/serdes-ai-models/target/debug/deps: aho_corasick-faf99c296d0ac655.aho_corasick.8fb90dc2ef0b1c35-cgu.15.rcgu.o
Only in vendor/serdes-ai-models/target/debug/deps: anstyle-433ecccd928b4326.anstyle.f85c4762da447a11-cgu.0.rcgu.o
Only in vendor/serdes-ai-models/target/debug/deps: anyhow-db1f6a292fd18298.anyhow.e3954b749029b9ef-cgu.0.rcgu.o
Only in vendor/serdes-ai-models/target/debug/deps: anyhow-db1f6a292fd18298.anyhow.e3954b749029b9ef-cgu.1.rcgu.o
Only in vendor/serdes-ai-models/target/debug/deps: assert_json_diff-47c61daf3992123d.assert_json_diff.754a402302131734-cgu.0.rcgu.o
Only in vendor/serdes-ai-models/target/debug/deps: assert_json_diff-47c61daf3992123d.assert_json_diff.754a402302131734-cgu.1.rcgu.o
Only in vendor/serdes-ai-models/target/debug/deps: assert_json_diff-47c61daf3992123d.assert_json_diff.754a402302131734-cgu.2.rcgu.o
Only in vendor/serdes-ai-models/target/debug/deps: atomic_waker-e7b30d5fd68e4f81.atomic_waker.8358a0fcfeeb88ce-cgu.0.rcgu.o
Only in vendor/serdes-ai-models/target/debug/deps: base64-b543fed2f0293468.base64.3a1f2ff7172cbc06-cgu.0.rcgu.o
Only in vendor/serdes-ai-models/target/debug/deps: bitflags-6902d4bc9d909d32.bitflags.13174e3a6d9ea61c-cgu.0.rcgu.o
Only in vendor/serdes-ai-models/target/debug/deps: bytes-258f462c5e906be1.bytes.5d9d467b2dd01934-cgu.0.rcgu.o
Only in vendor/serdes-ai-models/target/debug/deps: bytes-258f462c5e906be1.bytes.5d9d467b2dd01934-cgu.1.rcgu.o
Only in vendor/serdes-ai-models/target/debug/deps: cfg_if-7e76abba0d4e7174.cfg_if.fb7fce9cc9718dd1-cgu.0.rcgu.o
Only in vendor/serdes-ai-models/target/debug/deps: chrono-c0a850af197d167c.chrono.9b3f0bc29b53a6ea-cgu.0.rcgu.o
Only in vendor/serdes-ai-models/target/debug/deps: chrono-c0a850af197d167c.chrono.9b3f0bc29b53a6ea-cgu.1.rcgu.o
Only in vendor/serdes-ai-models/target/debug/deps: chrono-c0a850af197d167c.chrono.9b3f0bc29b53a6ea-cgu.2.rcgu.o
Only in vendor/serdes-ai-models/target/debug/deps: chrono-c0a850af197d167c.chrono.9b3f0bc29b53a6ea-cgu.3.rcgu.o
Only in vendor/serdes-ai-models/target/debug/deps: chrono-c0a850af197d167c.chrono.9b3f0bc29b53a6ea-cgu.4.rcgu.o
Only in vendor/serdes-ai-models/target/debug/deps: chrono-c0a850af197d167c.chrono.9b3f0bc29b53a6ea-cgu.5.rcgu.o
Only in vendor/serdes-ai-models/target/debug/deps: chrono-c0a850af197d167c.chrono.9b3f0bc29b53a6ea-cgu.6.rcgu.o
Only in vendor/serdes-ai-models/target/debug/deps: chrono-c0a850af197d167c.chrono.9b3f0bc29b53a6ea-cgu.7.rcgu.o
Only in vendor/serdes-ai-models/target/debug/deps: core_foundation_sys-4c5f7b4418cc0848.core_foundation_sys.4fb4ba7234214b14-cgu.0.rcgu.o
Only in vendor/serdes-ai-models/target/debug/deps: deadpool-f395301a99b9c25e.deadpool.82294759b3cd0891-cgu.0.rcgu.o
Only in vendor/serdes-ai-models/target/debug/deps: deadpool_runtime-ebefb22b0064fa55.deadpool_runtime.cc9d05c2be8a891e-cgu.0.rcgu.o
Only in vendor/serdes-ai-models/target/debug/deps: derive_builder-7f6a36d1049846d4.derive_builder.ee3c5f183bff2308-cgu.0.rcgu.o
Only in vendor/serdes-ai-models/target/debug/deps: downcast-e1b565abcda1bb3e.downcast.6b7d522fb6ff07da-cgu.0.rcgu.o
Only in vendor/serdes-ai-models/target/debug/deps: equivalent-a1c9b9ad8df72bad.equivalent.adfdadeccc69d1ec-cgu.0.rcgu.o
Only in vendor/serdes-ai-models/target/debug/deps: errno-2cd017a80f6ccd0e.errno.44a7323458618da1-cgu.0.rcgu.o
Only in vendor/serdes-ai-models/target/debug/deps: fnv-7482fca9f4dd4200.fnv.4ec1f41c6a492202-cgu.0.rcgu.o
Only in vendor/serdes-ai-models/target/debug/deps: form_urlencoded-cb93686a35562df8.form_urlencoded.baca06cf97bf4547-cgu.0.rcgu.o
Only in vendor/serdes-ai-models/target/debug/deps: fragile-432356f2f563b4e6.fragile.2c57c0fbe06d42fd-cgu.0.rcgu.o
Only in vendor/serdes-ai-models/target/debug/deps: futures-04870e41bcebd84f.futures.c995865207f69377-cgu.0.rcgu.o
Only in vendor/serdes-ai-models/target/debug/deps: futures_channel-d86f4ef87eb3df03.futures_channel.46a314168a9517b6-cgu.0.rcgu.o
Only in vendor/serdes-ai-models/target/debug/deps: futures_core-eb34df332aa694e8.futures_core.7daed79604a3aac1-cgu.0.rcgu.o
Only in vendor/serdes-ai-models/target/debug/deps: futures_executor-ebf06b221f45caca.futures_executor.9f27614ab8637adc-cgu.0.rcgu.o
Only in vendor/serdes-ai-models/target/debug/deps: futures_io-f7c4dc348df6edba.futures_io.6e30094219e387ae-cgu.0.rcgu.o
Only in vendor/serdes-ai-models/target/debug/deps: futures_sink-0090ee5c79ce14ae.futures_sink.1876647365d8cbc-cgu.0.rcgu.o
Only in vendor/serdes-ai-models/target/debug/deps: futures_task-22b87e9c63c947a4.futures_task.c098a35f592a70da-cgu.0.rcgu.o
Only in vendor/serdes-ai-models/target/debug/deps: futures_timer-030bf7f779f900c9.futures_timer.e2297e065f2aad91-cgu.0.rcgu.o
Only in vendor/serdes-ai-models/target/debug/deps: futures_timer-030bf7f779f900c9.futures_timer.e2297e065f2aad91-cgu.1.rcgu.o
Only in vendor/serdes-ai-models/target/debug/deps: futures_util-b0cda7bb2dc6d7e2.futures_util.eab6423b1b181b71-cgu.0.rcgu.o
Only in vendor/serdes-ai-models/target/debug/deps: getrandom-6fc28466cb88f44a.getrandom.32771ef532a12b11-cgu.0.rcgu.o
Only in vendor/serdes-ai-models/target/debug/deps: getrandom-7f72602628871996.getrandom.be2e60a07afae851-cgu.0.rcgu.o
Only in vendor/serdes-ai-models/target/debug/deps: h2-8f241d4d5754d467.h2.978b239df788821d-cgu.00.rcgu.o
Only in vendor/serdes-ai-models/target/debug/deps: h2-8f241d4d5754d467.h2.978b239df788821d-cgu.01.rcgu.o
Only in vendor/serdes-ai-models/target/debug/deps: h2-8f241d4d5754d467.h2.978b239df788821d-cgu.02.rcgu.o
Only in vendor/serdes-ai-models/target/debug/deps: h2-8f241d4d5754d467.h2.978b239df788821d-cgu.03.rcgu.o
Only in vendor/serdes-ai-models/target/debug/deps: h2-8f241d4d5754d467.h2.978b239df788821d-cgu.04.rcgu.o
Only in vendor/serdes-ai-models/target/debug/deps: h2-8f241d4d5754d467.h2.978b239df788821d-cgu.05.rcgu.o
Only in vendor/serdes-ai-models/target/debug/deps: h2-8f241d4d5754d467.h2.978b239df788821d-cgu.06.rcgu.o
Only in vendor/serdes-ai-models/target/debug/deps: h2-8f241d4d5754d467.h2.978b239df788821d-cgu.07.rcgu.o
Only in vendor/serdes-ai-models/target/debug/deps: h2-8f241d4d5754d467.h2.978b239df788821d-cgu.08.rcgu.o
Only in vendor/serdes-ai-models/target/debug/deps: h2-8f241d4d5754d467.h2.978b239df788821d-cgu.09.rcgu.o
Only in vendor/serdes-ai-models/target/debug/deps: h2-8f241d4d5754d467.h2.978b239df788821d-cgu.10.rcgu.o
Only in vendor/serdes-ai-models/target/debug/deps: h2-8f241d4d5754d467.h2.978b239df788821d-cgu.11.rcgu.o
Only in vendor/serdes-ai-models/target/debug/deps: h2-8f241d4d5754d467.h2.978b239df788821d-cgu.12.rcgu.o
Only in vendor/serdes-ai-models/target/debug/deps: h2-8f241d4d5754d467.h2.978b239df788821d-cgu.13.rcgu.o
Only in vendor/serdes-ai-models/target/debug/deps: h2-8f241d4d5754d467.h2.978b239df788821d-cgu.14.rcgu.o
Only in vendor/serdes-ai-models/target/debug/deps: h2-8f241d4d5754d467.h2.978b239df788821d-cgu.15.rcgu.o
Only in vendor/serdes-ai-models/target/debug/deps: hashbrown-71bb581e8a0bed5c.hashbrown.87b8e2583da2e44c-cgu.0.rcgu.o
Only in vendor/serdes-ai-models/target/debug/deps: http-6f645bb1b9f999fe.http.4b78f590b9e7e4c6-cgu.0.rcgu.o
Only in vendor/serdes-ai-models/target/debug/deps: http-6f645bb1b9f999fe.http.4b78f590b9e7e4c6-cgu.1.rcgu.o
Only in vendor/serdes-ai-models/target/debug/deps: http-6f645bb1b9f999fe.http.4b78f590b9e7e4c6-cgu.2.rcgu.o
Only in vendor/serdes-ai-models/target/debug/deps: http-6f645bb1b9f999fe.http.4b78f590b9e7e4c6-cgu.3.rcgu.o
Only in vendor/serdes-ai-models/target/debug/deps: http-6f645bb1b9f999fe.http.4b78f590b9e7e4c6-cgu.4.rcgu.o
Only in vendor/serdes-ai-models/target/debug/deps: http_body-15944d5a62cbd2dd.http_body.7543146b78530be2-cgu.0.rcgu.o
Only in vendor/serdes-ai-models/target/debug/deps: http_body_util-e8bee2825ec5fc39.http_body_util.176ca9ce708d7b3c-cgu.0.rcgu.o
Only in vendor/serdes-ai-models/target/debug/deps: httparse-4678cd816aada1bd.httparse.ee3948993b953879-cgu.0.rcgu.o
Only in vendor/serdes-ai-models/target/debug/deps: httpdate-26d91798ee6250dc.httpdate.93c3898df1d34290-cgu.0.rcgu.o
Only in vendor/serdes-ai-models/target/debug/deps: hyper-4e6f801908b0c5b9.hyper.1aa01764894a6df5-cgu.0.rcgu.o
Only in vendor/serdes-ai-models/target/debug/deps: hyper-4e6f801908b0c5b9.hyper.1aa01764894a6df5-cgu.1.rcgu.o
Only in vendor/serdes-ai-models/target/debug/deps: hyper-4e6f801908b0c5b9.hyper.1aa01764894a6df5-cgu.2.rcgu.o
Only in vendor/serdes-ai-models/target/debug/deps: hyper-4e6f801908b0c5b9.hyper.1aa01764894a6df5-cgu.3.rcgu.o
Only in vendor/serdes-ai-models/target/debug/deps: hyper-4e6f801908b0c5b9.hyper.1aa01764894a6df5-cgu.4.rcgu.o
Only in vendor/serdes-ai-models/target/debug/deps: hyper-4e6f801908b0c5b9.hyper.1aa01764894a6df5-cgu.5.rcgu.o
Only in vendor/serdes-ai-models/target/debug/deps: hyper-4e6f801908b0c5b9.hyper.1aa01764894a6df5-cgu.6.rcgu.o
Only in vendor/serdes-ai-models/target/debug/deps: hyper-4e6f801908b0c5b9.hyper.1aa01764894a6df5-cgu.7.rcgu.o
Only in vendor/serdes-ai-models/target/debug/deps: hyper-4e6f801908b0c5b9.hyper.1aa01764894a6df5-cgu.8.rcgu.o
Only in vendor/serdes-ai-models/target/debug/deps: hyper_rustls-01752bb4a2021e19.hyper_rustls.dadeb3d0c8921d2e-cgu.0.rcgu.o
Only in vendor/serdes-ai-models/target/debug/deps: hyper_util-773d0da5d9e8c5fc.hyper_util.fdade1f31e82ee4e-cgu.0.rcgu.o
Only in vendor/serdes-ai-models/target/debug/deps: hyper_util-773d0da5d9e8c5fc.hyper_util.fdade1f31e82ee4e-cgu.1.rcgu.o
Only in vendor/serdes-ai-models/target/debug/deps: hyper_util-773d0da5d9e8c5fc.hyper_util.fdade1f31e82ee4e-cgu.2.rcgu.o
Only in vendor/serdes-ai-models/target/debug/deps: hyper_util-773d0da5d9e8c5fc.hyper_util.fdade1f31e82ee4e-cgu.3.rcgu.o
Only in vendor/serdes-ai-models/target/debug/deps: iana_time_zone-3f8159f1b3df595d.iana_time_zone.d89c572c8486f96c-cgu.0.rcgu.o
Only in vendor/serdes-ai-models/target/debug/deps: icu_collections-3d61f9550eadc73f.icu_collections.1e9977e7bd4f137d-cgu.0.rcgu.o
Only in vendor/serdes-ai-models/target/debug/deps: icu_collections-3d61f9550eadc73f.icu_collections.1e9977e7bd4f137d-cgu.1.rcgu.o
Only in vendor/serdes-ai-models/target/debug/deps: icu_locale_core-294db36d8550f396.icu_locale_core.ec86956bf92e54c0-cgu.0.rcgu.o
Only in vendor/serdes-ai-models/target/debug/deps: icu_locale_core-294db36d8550f396.icu_locale_core.ec86956bf92e54c0-cgu.1.rcgu.o
Only in vendor/serdes-ai-models/target/debug/deps: icu_locale_core-294db36d8550f396.icu_locale_core.ec86956bf92e54c0-cgu.2.rcgu.o
Only in vendor/serdes-ai-models/target/debug/deps: icu_locale_core-294db36d8550f396.icu_locale_core.ec86956bf92e54c0-cgu.3.rcgu.o
Only in vendor/serdes-ai-models/target/debug/deps: icu_normalizer-278e0ca92335e27e.icu_normalizer.c95498d138d122ae-cgu.0.rcgu.o
Only in vendor/serdes-ai-models/target/debug/deps: icu_normalizer-278e0ca92335e27e.icu_normalizer.c95498d138d122ae-cgu.1.rcgu.o
Only in vendor/serdes-ai-models/target/debug/deps: icu_normalizer-278e0ca92335e27e.icu_normalizer.c95498d138d122ae-cgu.2.rcgu.o
Only in vendor/serdes-ai-models/target/debug/deps: icu_normalizer_data-1e39fcf364342d30.icu_normalizer_data.b6e36860162d1891-cgu.0.rcgu.o
Only in vendor/serdes-ai-models/target/debug/deps: icu_properties-a7b1b99fe4ee9e08.icu_properties.803ef7f7b4af1e51-cgu.0.rcgu.o
Only in vendor/serdes-ai-models/target/debug/deps: icu_properties-a7b1b99fe4ee9e08.icu_properties.803ef7f7b4af1e51-cgu.1.rcgu.o
Only in vendor/serdes-ai-models/target/debug/deps: icu_properties-a7b1b99fe4ee9e08.icu_properties.803ef7f7b4af1e51-cgu.2.rcgu.o
Only in vendor/serdes-ai-models/target/debug/deps: icu_properties-a7b1b99fe4ee9e08.icu_properties.803ef7f7b4af1e51-cgu.3.rcgu.o
Only in vendor/serdes-ai-models/target/debug/deps: icu_properties_data-905ede205363a536.icu_properties_data.86cf750e8d1d5f31-cgu.0.rcgu.o
Only in vendor/serdes-ai-models/target/debug/deps: icu_provider-b331bbd8f0d60cb8.icu_provider.a419b8f5d7834644-cgu.0.rcgu.o
Only in vendor/serdes-ai-models/target/debug/deps: idna-992ea5329e98e88b.idna.9847c9cd8e681ba6-cgu.0.rcgu.o
Only in vendor/serdes-ai-models/target/debug/deps: idna-992ea5329e98e88b.idna.9847c9cd8e681ba6-cgu.1.rcgu.o
Only in vendor/serdes-ai-models/target/debug/deps: idna-992ea5329e98e88b.idna.9847c9cd8e681ba6-cgu.2.rcgu.o
Only in vendor/serdes-ai-models/target/debug/deps: idna-992ea5329e98e88b.idna.9847c9cd8e681ba6-cgu.3.rcgu.o
Only in vendor/serdes-ai-models/target/debug/deps: idna-992ea5329e98e88b.idna.9847c9cd8e681ba6-cgu.4.rcgu.o
Only in vendor/serdes-ai-models/target/debug/deps: idna-992ea5329e98e88b.idna.9847c9cd8e681ba6-cgu.5.rcgu.o
Only in vendor/serdes-ai-models/target/debug/deps: idna-992ea5329e98e88b.idna.9847c9cd8e681ba6-cgu.6.rcgu.o
Only in vendor/serdes-ai-models/target/debug/deps: idna-992ea5329e98e88b.idna.9847c9cd8e681ba6-cgu.7.rcgu.o
Only in vendor/serdes-ai-models/target/debug/deps: idna_adapter-8a8df18615940807.idna_adapter.466c036c9aa3e45b-cgu.0.rcgu.o
Only in vendor/serdes-ai-models/target/debug/deps: indexmap-a90540b550aa21b7.indexmap.95ebda68e52b6a0-cgu.0.rcgu.o
Only in vendor/serdes-ai-models/target/debug/deps: ipnet-33aa2a00bb81a293.ipnet.cbee0ef20db815d-cgu.0.rcgu.o
Only in vendor/serdes-ai-models/target/debug/deps: ipnet-33aa2a00bb81a293.ipnet.cbee0ef20db815d-cgu.1.rcgu.o
Only in vendor/serdes-ai-models/target/debug/deps: ipnet-33aa2a00bb81a293.ipnet.cbee0ef20db815d-cgu.2.rcgu.o
Only in vendor/serdes-ai-models/target/debug/deps: ipnet-33aa2a00bb81a293.ipnet.cbee0ef20db815d-cgu.3.rcgu.o
Only in vendor/serdes-ai-models/target/debug/deps: itoa-b44586fc39d2b7cf.itoa.b4763ccb62bffac9-cgu.0.rcgu.o
Only in vendor/serdes-ai-models/target/debug/deps: lazy_static-798748bfac35ae8e.lazy_static.ea640ea73415be32-cgu.0.rcgu.o
Only in vendor/serdes-ai-models/target/debug/deps: libaho_corasick-460c7e2db7b65d22.rlib
Only in vendor/serdes-ai-models/target/debug/deps: libaho_corasick-460c7e2db7b65d22.rmeta
Only in vendor/serdes-ai-models/target/debug/deps: libaho_corasick-762f880a72391671.rlib
Only in vendor/serdes-ai-models/target/debug/deps: libaho_corasick-762f880a72391671.rmeta
Only in vendor/serdes-ai-models/target/debug/deps: libaho_corasick-f2fe6143daa212d6.rmeta
Only in vendor/serdes-ai-models/target/debug/deps: libaho_corasick-faf99c296d0ac655.rlib
Only in vendor/serdes-ai-models/target/debug/deps: libaho_corasick-faf99c296d0ac655.rmeta
Only in vendor/serdes-ai-models/target/debug/deps: libanstyle-433ecccd928b4326.rlib
Only in vendor/serdes-ai-models/target/debug/deps: libanstyle-433ecccd928b4326.rmeta
Only in vendor/serdes-ai-models/target/debug/deps: libanstyle-5ccb46857f455230.rmeta
Only in vendor/serdes-ai-models/target/debug/deps: libanyhow-db1f6a292fd18298.rlib
Only in vendor/serdes-ai-models/target/debug/deps: libanyhow-db1f6a292fd18298.rmeta
Only in vendor/serdes-ai-models/target/debug/deps: libanyhow-f4e8eb0d28cf01bf.rmeta
Only in vendor/serdes-ai-models/target/debug/deps: libassert_json_diff-47c61daf3992123d.rlib
Only in vendor/serdes-ai-models/target/debug/deps: libassert_json_diff-47c61daf3992123d.rmeta
Only in vendor/serdes-ai-models/target/debug/deps: libassert_json_diff-47d13e4df40e41fb.rmeta
Only in vendor/serdes-ai-models/target/debug/deps: libasync_trait-232871378ee3ccc4.dylib
Only in vendor/serdes-ai-models/target/debug/deps: libatomic_waker-730fcaf703bdb5ad.rmeta
Only in vendor/serdes-ai-models/target/debug/deps: libatomic_waker-e7b30d5fd68e4f81.rlib
Only in vendor/serdes-ai-models/target/debug/deps: libatomic_waker-e7b30d5fd68e4f81.rmeta
Only in vendor/serdes-ai-models/target/debug/deps: libautocfg-fd8152d35e082ae9.rlib
Only in vendor/serdes-ai-models/target/debug/deps: libautocfg-fd8152d35e082ae9.rmeta
Only in vendor/serdes-ai-models/target/debug/deps: libbase64-8594b7e698eedd15.rmeta
Only in vendor/serdes-ai-models/target/debug/deps: libbase64-b543fed2f0293468.rlib
Only in vendor/serdes-ai-models/target/debug/deps: libbase64-b543fed2f0293468.rmeta
Only in vendor/serdes-ai-models/target/debug/deps: libbitflags-641fdc89d6018cbd.rmeta
Only in vendor/serdes-ai-models/target/debug/deps: libbitflags-6902d4bc9d909d32.rlib
Only in vendor/serdes-ai-models/target/debug/deps: libbitflags-6902d4bc9d909d32.rmeta
Only in vendor/serdes-ai-models/target/debug/deps: libbytes-1f68b5b7cf16e6c8.rmeta
Only in vendor/serdes-ai-models/target/debug/deps: libbytes-258f462c5e906be1.rlib
Only in vendor/serdes-ai-models/target/debug/deps: libbytes-258f462c5e906be1.rmeta
Only in vendor/serdes-ai-models/target/debug/deps: libc-daad9fe4d12f6b51.libc.877609918e6edb08-cgu.0.rcgu.o
Only in vendor/serdes-ai-models/target/debug/deps: libcc-86a2cedfdae0e78e.rlib
Only in vendor/serdes-ai-models/target/debug/deps: libcc-86a2cedfdae0e78e.rmeta
Only in vendor/serdes-ai-models/target/debug/deps: libcfg_if-42a0ba2ffcde8df6.rmeta
Only in vendor/serdes-ai-models/target/debug/deps: libcfg_if-61eda71b0d279852.rlib
Only in vendor/serdes-ai-models/target/debug/deps: libcfg_if-61eda71b0d279852.rmeta
Only in vendor/serdes-ai-models/target/debug/deps: libcfg_if-7e76abba0d4e7174.rlib
Only in vendor/serdes-ai-models/target/debug/deps: libcfg_if-7e76abba0d4e7174.rmeta
Only in vendor/serdes-ai-models/target/debug/deps: libchrono-522455f61bab033e.rmeta
Only in vendor/serdes-ai-models/target/debug/deps: libchrono-c0a850af197d167c.rlib
Only in vendor/serdes-ai-models/target/debug/deps: libchrono-c0a850af197d167c.rmeta
Only in vendor/serdes-ai-models/target/debug/deps: libcore_foundation_sys-4c5f7b4418cc0848.rlib
Only in vendor/serdes-ai-models/target/debug/deps: libcore_foundation_sys-4c5f7b4418cc0848.rmeta
Only in vendor/serdes-ai-models/target/debug/deps: libcore_foundation_sys-9f897f2abcff6af8.rmeta
Only in vendor/serdes-ai-models/target/debug/deps: libdarling-04c336ced7d3e5f4.rlib
Only in vendor/serdes-ai-models/target/debug/deps: libdarling-04c336ced7d3e5f4.rmeta
Only in vendor/serdes-ai-models/target/debug/deps: libdarling-d28a3dd23a9d725f.rlib
Only in vendor/serdes-ai-models/target/debug/deps: libdarling-d28a3dd23a9d725f.rmeta
Only in vendor/serdes-ai-models/target/debug/deps: libdarling_core-55396b40ceb870fe.rlib
Only in vendor/serdes-ai-models/target/debug/deps: libdarling_core-55396b40ceb870fe.rmeta
Only in vendor/serdes-ai-models/target/debug/deps: libdarling_core-7e076df672c685c8.rlib
Only in vendor/serdes-ai-models/target/debug/deps: libdarling_core-7e076df672c685c8.rmeta
Only in vendor/serdes-ai-models/target/debug/deps: libdarling_macro-1ae0e93cedac369c.dylib
Only in vendor/serdes-ai-models/target/debug/deps: libdarling_macro-7be99d161522b68b.dylib
Only in vendor/serdes-ai-models/target/debug/deps: libdeadpool-5057bd1b0636ee23.rmeta
Only in vendor/serdes-ai-models/target/debug/deps: libdeadpool-f395301a99b9c25e.rlib
Only in vendor/serdes-ai-models/target/debug/deps: libdeadpool-f395301a99b9c25e.rmeta
Only in vendor/serdes-ai-models/target/debug/deps: libdeadpool_runtime-6464ba35ad10551c.rmeta
Only in vendor/serdes-ai-models/target/debug/deps: libdeadpool_runtime-ebefb22b0064fa55.rlib
Only in vendor/serdes-ai-models/target/debug/deps: libdeadpool_runtime-ebefb22b0064fa55.rmeta
Only in vendor/serdes-ai-models/target/debug/deps: libderive_builder-4b84110f7d060333.rmeta
Only in vendor/serdes-ai-models/target/debug/deps: libderive_builder-7f6a36d1049846d4.rlib
Only in vendor/serdes-ai-models/target/debug/deps: libderive_builder-7f6a36d1049846d4.rmeta
Only in vendor/serdes-ai-models/target/debug/deps: libderive_builder_core-4a075d7ba1814965.rlib
Only in vendor/serdes-ai-models/target/debug/deps: libderive_builder_core-4a075d7ba1814965.rmeta
Only in vendor/serdes-ai-models/target/debug/deps: libderive_builder_core-8952419d5cb68a37.rlib
Only in vendor/serdes-ai-models/target/debug/deps: libderive_builder_core-8952419d5cb68a37.rmeta
Only in vendor/serdes-ai-models/target/debug/deps: libderive_builder_macro-6fb7b4770f4f0d1d.dylib
Only in vendor/serdes-ai-models/target/debug/deps: libderive_builder_macro-854c0ee8e410b9ba.dylib
Only in vendor/serdes-ai-models/target/debug/deps: libdisplaydoc-f78674b3ce3dffd2.dylib
Only in vendor/serdes-ai-models/target/debug/deps: libdowncast-5111430bb7d5489f.rmeta
Only in vendor/serdes-ai-models/target/debug/deps: libdowncast-e1b565abcda1bb3e.rlib
Only in vendor/serdes-ai-models/target/debug/deps: libdowncast-e1b565abcda1bb3e.rmeta
Only in vendor/serdes-ai-models/target/debug/deps: libequivalent-a1c9b9ad8df72bad.rlib
Only in vendor/serdes-ai-models/target/debug/deps: libequivalent-a1c9b9ad8df72bad.rmeta
Only in vendor/serdes-ai-models/target/debug/deps: libequivalent-ba91817393000825.rlib
Only in vendor/serdes-ai-models/target/debug/deps: libequivalent-ba91817393000825.rmeta
Only in vendor/serdes-ai-models/target/debug/deps: libequivalent-e5d941760f049c88.rmeta
Only in vendor/serdes-ai-models/target/debug/deps: liberrno-2cd017a80f6ccd0e.rlib
Only in vendor/serdes-ai-models/target/debug/deps: liberrno-2cd017a80f6ccd0e.rmeta
Only in vendor/serdes-ai-models/target/debug/deps: liberrno-3e571a9b01d234f1.rmeta
Only in vendor/serdes-ai-models/target/debug/deps: libfind_msvc_tools-1fa91452166cce6e.rlib
Only in vendor/serdes-ai-models/target/debug/deps: libfind_msvc_tools-1fa91452166cce6e.rmeta
Only in vendor/serdes-ai-models/target/debug/deps: libfnv-03d801a7070ad6d8.rmeta
Only in vendor/serdes-ai-models/target/debug/deps: libfnv-635d2fa187af3e7e.rlib
Only in vendor/serdes-ai-models/target/debug/deps: libfnv-635d2fa187af3e7e.rmeta
Only in vendor/serdes-ai-models/target/debug/deps: libfnv-7482fca9f4dd4200.rlib
Only in vendor/serdes-ai-models/target/debug/deps: libfnv-7482fca9f4dd4200.rmeta
Only in vendor/serdes-ai-models/target/debug/deps: libform_urlencoded-c53a09f4f78ea86c.rmeta
Only in vendor/serdes-ai-models/target/debug/deps: libform_urlencoded-cb93686a35562df8.rlib
Only in vendor/serdes-ai-models/target/debug/deps: libform_urlencoded-cb93686a35562df8.rmeta
Only in vendor/serdes-ai-models/target/debug/deps: libfragile-432356f2f563b4e6.rlib
Only in vendor/serdes-ai-models/target/debug/deps: libfragile-432356f2f563b4e6.rmeta
Only in vendor/serdes-ai-models/target/debug/deps: libfragile-ae306231c61079bd.rmeta
Only in vendor/serdes-ai-models/target/debug/deps: libfutures-04870e41bcebd84f.rlib
Only in vendor/serdes-ai-models/target/debug/deps: libfutures-04870e41bcebd84f.rmeta
Only in vendor/serdes-ai-models/target/debug/deps: libfutures-6d288716ee1566ad.rmeta
Only in vendor/serdes-ai-models/target/debug/deps: libfutures_channel-0bd59a7cd540b452.rmeta
Only in vendor/serdes-ai-models/target/debug/deps: libfutures_channel-d86f4ef87eb3df03.rlib
Only in vendor/serdes-ai-models/target/debug/deps: libfutures_channel-d86f4ef87eb3df03.rmeta
Only in vendor/serdes-ai-models/target/debug/deps: libfutures_core-02bdf1fc06ab253c.rmeta
Only in vendor/serdes-ai-models/target/debug/deps: libfutures_core-eb34df332aa694e8.rlib
Only in vendor/serdes-ai-models/target/debug/deps: libfutures_core-eb34df332aa694e8.rmeta
Only in vendor/serdes-ai-models/target/debug/deps: libfutures_executor-8a5afc4d97a0e879.rmeta
Only in vendor/serdes-ai-models/target/debug/deps: libfutures_executor-ebf06b221f45caca.rlib
Only in vendor/serdes-ai-models/target/debug/deps: libfutures_executor-ebf06b221f45caca.rmeta
Only in vendor/serdes-ai-models/target/debug/deps: libfutures_io-a347b19b85d81aa5.rmeta
Only in vendor/serdes-ai-models/target/debug/deps: libfutures_io-f7c4dc348df6edba.rlib
Only in vendor/serdes-ai-models/target/debug/deps: libfutures_io-f7c4dc348df6edba.rmeta
Only in vendor/serdes-ai-models/target/debug/deps: libfutures_macro-d8f88ff7f5cce88f.dylib
Only in vendor/serdes-ai-models/target/debug/deps: libfutures_sink-0090ee5c79ce14ae.rlib
Only in vendor/serdes-ai-models/target/debug/deps: libfutures_sink-0090ee5c79ce14ae.rmeta
Only in vendor/serdes-ai-models/target/debug/deps: libfutures_sink-6a14d358df2f34be.rmeta
Only in vendor/serdes-ai-models/target/debug/deps: libfutures_task-08b15530f4aec940.rmeta
Only in vendor/serdes-ai-models/target/debug/deps: libfutures_task-22b87e9c63c947a4.rlib
Only in vendor/serdes-ai-models/target/debug/deps: libfutures_task-22b87e9c63c947a4.rmeta
Only in vendor/serdes-ai-models/target/debug/deps: libfutures_timer-030bf7f779f900c9.rlib
Only in vendor/serdes-ai-models/target/debug/deps: libfutures_timer-030bf7f779f900c9.rmeta
Only in vendor/serdes-ai-models/target/debug/deps: libfutures_timer-d24b639ea8504913.rmeta
Only in vendor/serdes-ai-models/target/debug/deps: libfutures_util-65b6bcd63d1e53b7.rmeta
Only in vendor/serdes-ai-models/target/debug/deps: libfutures_util-b0cda7bb2dc6d7e2.rlib
Only in vendor/serdes-ai-models/target/debug/deps: libfutures_util-b0cda7bb2dc6d7e2.rmeta
Only in vendor/serdes-ai-models/target/debug/deps: libgetrandom-256ca5a8b74407f2.rmeta
Only in vendor/serdes-ai-models/target/debug/deps: libgetrandom-6fc28466cb88f44a.rlib
Only in vendor/serdes-ai-models/target/debug/deps: libgetrandom-6fc28466cb88f44a.rmeta
Only in vendor/serdes-ai-models/target/debug/deps: libgetrandom-7f72602628871996.rlib
Only in vendor/serdes-ai-models/target/debug/deps: libgetrandom-7f72602628871996.rmeta
Only in vendor/serdes-ai-models/target/debug/deps: libgetrandom-9667cf1d02b8f674.rmeta
Only in vendor/serdes-ai-models/target/debug/deps: libglob-2fbca7e8bdd84e90.rlib
Only in vendor/serdes-ai-models/target/debug/deps: libglob-2fbca7e8bdd84e90.rmeta
Only in vendor/serdes-ai-models/target/debug/deps: libh2-427fd7cab5749753.rmeta
Only in vendor/serdes-ai-models/target/debug/deps: libh2-8f241d4d5754d467.rlib
Only in vendor/serdes-ai-models/target/debug/deps: libh2-8f241d4d5754d467.rmeta
Only in vendor/serdes-ai-models/target/debug/deps: libhashbrown-71bb581e8a0bed5c.rlib
Only in vendor/serdes-ai-models/target/debug/deps: libhashbrown-71bb581e8a0bed5c.rmeta
Only in vendor/serdes-ai-models/target/debug/deps: libhashbrown-75ba2af4cd95106f.rlib
Only in vendor/serdes-ai-models/target/debug/deps: libhashbrown-75ba2af4cd95106f.rmeta
Only in vendor/serdes-ai-models/target/debug/deps: libhashbrown-926053de0784eba0.rmeta
Only in vendor/serdes-ai-models/target/debug/deps: libhttp-6f645bb1b9f999fe.rlib
Only in vendor/serdes-ai-models/target/debug/deps: libhttp-6f645bb1b9f999fe.rmeta
Only in vendor/serdes-ai-models/target/debug/deps: libhttp-c67dd3d820a67244.rmeta
Only in vendor/serdes-ai-models/target/debug/deps: libhttp_body-15944d5a62cbd2dd.rlib
Only in vendor/serdes-ai-models/target/debug/deps: libhttp_body-15944d5a62cbd2dd.rmeta
Only in vendor/serdes-ai-models/target/debug/deps: libhttp_body-c8870559cc8b1c4e.rmeta
Only in vendor/serdes-ai-models/target/debug/deps: libhttp_body_util-d2432598754689bc.rmeta
Only in vendor/serdes-ai-models/target/debug/deps: libhttp_body_util-e8bee2825ec5fc39.rlib
Only in vendor/serdes-ai-models/target/debug/deps: libhttp_body_util-e8bee2825ec5fc39.rmeta
Only in vendor/serdes-ai-models/target/debug/deps: libhttparse-4678cd816aada1bd.rlib
Only in vendor/serdes-ai-models/target/debug/deps: libhttparse-4678cd816aada1bd.rmeta
Only in vendor/serdes-ai-models/target/debug/deps: libhttparse-ebecb9e51e26ee2e.rmeta
Only in vendor/serdes-ai-models/target/debug/deps: libhttpdate-26d91798ee6250dc.rlib
Only in vendor/serdes-ai-models/target/debug/deps: libhttpdate-26d91798ee6250dc.rmeta
Only in vendor/serdes-ai-models/target/debug/deps: libhttpdate-b99f103f88e48eed.rmeta
Only in vendor/serdes-ai-models/target/debug/deps: libhyper-4e6f801908b0c5b9.rlib
Only in vendor/serdes-ai-models/target/debug/deps: libhyper-4e6f801908b0c5b9.rmeta
Only in vendor/serdes-ai-models/target/debug/deps: libhyper-aa43e70800ade9ee.rmeta
Only in vendor/serdes-ai-models/target/debug/deps: libhyper_rustls-01752bb4a2021e19.rlib
Only in vendor/serdes-ai-models/target/debug/deps: libhyper_rustls-01752bb4a2021e19.rmeta
Only in vendor/serdes-ai-models/target/debug/deps: libhyper_rustls-6807e331d0ddf17b.rmeta
Only in vendor/serdes-ai-models/target/debug/deps: libhyper_util-773d0da5d9e8c5fc.rlib
Only in vendor/serdes-ai-models/target/debug/deps: libhyper_util-773d0da5d9e8c5fc.rmeta
Only in vendor/serdes-ai-models/target/debug/deps: libhyper_util-96c0d2f41fc794fc.rmeta
Only in vendor/serdes-ai-models/target/debug/deps: libiana_time_zone-107204a71cdd296d.rmeta
Only in vendor/serdes-ai-models/target/debug/deps: libiana_time_zone-3f8159f1b3df595d.rlib
Only in vendor/serdes-ai-models/target/debug/deps: libiana_time_zone-3f8159f1b3df595d.rmeta
Only in vendor/serdes-ai-models/target/debug/deps: libicu_collections-3a0d3397c02b8c3f.rmeta
Only in vendor/serdes-ai-models/target/debug/deps: libicu_collections-3d61f9550eadc73f.rlib
Only in vendor/serdes-ai-models/target/debug/deps: libicu_collections-3d61f9550eadc73f.rmeta
Only in vendor/serdes-ai-models/target/debug/deps: libicu_locale_core-294db36d8550f396.rlib
Only in vendor/serdes-ai-models/target/debug/deps: libicu_locale_core-294db36d8550f396.rmeta
Only in vendor/serdes-ai-models/target/debug/deps: libicu_locale_core-78592c378985d741.rmeta
Only in vendor/serdes-ai-models/target/debug/deps: libicu_normalizer-1a78cc245e0d3f3a.rmeta
Only in vendor/serdes-ai-models/target/debug/deps: libicu_normalizer-278e0ca92335e27e.rlib
Only in vendor/serdes-ai-models/target/debug/deps: libicu_normalizer-278e0ca92335e27e.rmeta
Only in vendor/serdes-ai-models/target/debug/deps: libicu_normalizer_data-1e39fcf364342d30.rlib
Only in vendor/serdes-ai-models/target/debug/deps: libicu_normalizer_data-1e39fcf364342d30.rmeta
Only in vendor/serdes-ai-models/target/debug/deps: libicu_normalizer_data-2756fb279c1259e0.rmeta
Only in vendor/serdes-ai-models/target/debug/deps: libicu_properties-17d7a81ab343545c.rmeta
Only in vendor/serdes-ai-models/target/debug/deps: libicu_properties-a7b1b99fe4ee9e08.rlib
Only in vendor/serdes-ai-models/target/debug/deps: libicu_properties-a7b1b99fe4ee9e08.rmeta
Only in vendor/serdes-ai-models/target/debug/deps: libicu_properties_data-905ede205363a536.rlib
Only in vendor/serdes-ai-models/target/debug/deps: libicu_properties_data-905ede205363a536.rmeta
Only in vendor/serdes-ai-models/target/debug/deps: libicu_properties_data-d4e8c5e65329ada8.rmeta
Only in vendor/serdes-ai-models/target/debug/deps: libicu_provider-acd8a1c249ec7286.rmeta
Only in vendor/serdes-ai-models/target/debug/deps: libicu_provider-b331bbd8f0d60cb8.rlib
Only in vendor/serdes-ai-models/target/debug/deps: libicu_provider-b331bbd8f0d60cb8.rmeta
Only in vendor/serdes-ai-models/target/debug/deps: libident_case-acda4b75fe6d909d.rlib
Only in vendor/serdes-ai-models/target/debug/deps: libident_case-acda4b75fe6d909d.rmeta
Only in vendor/serdes-ai-models/target/debug/deps: libidna-967471dbb4012292.rmeta
Only in vendor/serdes-ai-models/target/debug/deps: libidna-992ea5329e98e88b.rlib
Only in vendor/serdes-ai-models/target/debug/deps: libidna-992ea5329e98e88b.rmeta
Only in vendor/serdes-ai-models/target/debug/deps: libidna_adapter-8a8df18615940807.rlib
Only in vendor/serdes-ai-models/target/debug/deps: libidna_adapter-8a8df18615940807.rmeta
Only in vendor/serdes-ai-models/target/debug/deps: libidna_adapter-9aa5824fe1fc21cf.rmeta
Only in vendor/serdes-ai-models/target/debug/deps: libindexmap-1d525e018295ed84.rlib
Only in vendor/serdes-ai-models/target/debug/deps: libindexmap-1d525e018295ed84.rmeta
Only in vendor/serdes-ai-models/target/debug/deps: libindexmap-51b6a62a2856dc8d.rmeta
Only in vendor/serdes-ai-models/target/debug/deps: libindexmap-7bcd84f9426ca651.rlib
Only in vendor/serdes-ai-models/target/debug/deps: libindexmap-7bcd84f9426ca651.rmeta
Only in vendor/serdes-ai-models/target/debug/deps: libindexmap-a90540b550aa21b7.rlib
Only in vendor/serdes-ai-models/target/debug/deps: libindexmap-a90540b550aa21b7.rmeta
Only in vendor/serdes-ai-models/target/debug/deps: libipnet-33aa2a00bb81a293.rlib
Only in vendor/serdes-ai-models/target/debug/deps: libipnet-33aa2a00bb81a293.rmeta
Only in vendor/serdes-ai-models/target/debug/deps: libipnet-d8c88339a57a9c08.rmeta
Only in vendor/serdes-ai-models/target/debug/deps: libitoa-b44586fc39d2b7cf.rlib
Only in vendor/serdes-ai-models/target/debug/deps: libitoa-b44586fc39d2b7cf.rmeta
Only in vendor/serdes-ai-models/target/debug/deps: libitoa-f248e7d748716cf6.rmeta
Only in vendor/serdes-ai-models/target/debug/deps: liblazy_static-410711471262499a.rmeta
Only in vendor/serdes-ai-models/target/debug/deps: liblazy_static-798748bfac35ae8e.rlib
Only in vendor/serdes-ai-models/target/debug/deps: liblazy_static-798748bfac35ae8e.rmeta
Only in vendor/serdes-ai-models/target/debug/deps: liblibc-0f790310bbe32b30.rmeta
Only in vendor/serdes-ai-models/target/debug/deps: liblibc-daad9fe4d12f6b51.rlib
Only in vendor/serdes-ai-models/target/debug/deps: liblibc-daad9fe4d12f6b51.rmeta
Only in vendor/serdes-ai-models/target/debug/deps: liblitemap-2a12e54573cbfaf7.rlib
Only in vendor/serdes-ai-models/target/debug/deps: liblitemap-2a12e54573cbfaf7.rmeta
Only in vendor/serdes-ai-models/target/debug/deps: liblitemap-9a9d0a8ccdc59e61.rmeta
Only in vendor/serdes-ai-models/target/debug/deps: liblock_api-68826fa7a131327c.rmeta
Only in vendor/serdes-ai-models/target/debug/deps: liblock_api-7a37a38473fcc259.rlib
Only in vendor/serdes-ai-models/target/debug/deps: liblock_api-7a37a38473fcc259.rmeta
Only in vendor/serdes-ai-models/target/debug/deps: liblog-219f04f16aa7a1c5.rlib
Only in vendor/serdes-ai-models/target/debug/deps: liblog-219f04f16aa7a1c5.rmeta
Only in vendor/serdes-ai-models/target/debug/deps: liblog-d6c6eae963f555e6.rmeta
Only in vendor/serdes-ai-models/target/debug/deps: libmemchr-0ed01910f16c2174.rlib
Only in vendor/serdes-ai-models/target/debug/deps: libmemchr-0ed01910f16c2174.rmeta
Only in vendor/serdes-ai-models/target/debug/deps: libmemchr-33d9faf5a30a66f8.rmeta
Only in vendor/serdes-ai-models/target/debug/deps: libmemchr-f4df34957fb3253a.rlib
Only in vendor/serdes-ai-models/target/debug/deps: libmemchr-f4df34957fb3253a.rmeta
Only in vendor/serdes-ai-models/target/debug/deps: libmime-6fbc9c52b3259347.rmeta
Only in vendor/serdes-ai-models/target/debug/deps: libmime-7ac5e95a93116c21.rlib
Only in vendor/serdes-ai-models/target/debug/deps: libmime-7ac5e95a93116c21.rmeta
Only in vendor/serdes-ai-models/target/debug/deps: libmio-a54a32426acbb890.rmeta
Only in vendor/serdes-ai-models/target/debug/deps: libmio-c6936028f050e39f.rlib
Only in vendor/serdes-ai-models/target/debug/deps: libmio-c6936028f050e39f.rmeta
Only in vendor/serdes-ai-models/target/debug/deps: libmockall-956a7de95d328777.rlib
Only in vendor/serdes-ai-models/target/debug/deps: libmockall-956a7de95d328777.rmeta
Only in vendor/serdes-ai-models/target/debug/deps: libmockall-e95d1fd1a81c1887.rmeta
Only in vendor/serdes-ai-models/target/debug/deps: libmockall_derive-8b4c11ab7e73453c.dylib
Only in vendor/serdes-ai-models/target/debug/deps: libmockall_derive-bcd17a9089fc1909.dylib
Only in vendor/serdes-ai-models/target/debug/deps: libnum_cpus-cf3b7141cb11318b.rlib
Only in vendor/serdes-ai-models/target/debug/deps: libnum_cpus-cf3b7141cb11318b.rmeta
Only in vendor/serdes-ai-models/target/debug/deps: libnum_cpus-ff736609f849d159.rmeta
Only in vendor/serdes-ai-models/target/debug/deps: libnum_traits-38a921fc078c9805.rmeta
Only in vendor/serdes-ai-models/target/debug/deps: libnum_traits-c8ae48ccc9fb41ae.rlib
Only in vendor/serdes-ai-models/target/debug/deps: libnum_traits-c8ae48ccc9fb41ae.rmeta
Only in vendor/serdes-ai-models/target/debug/deps: libonce_cell-3fea0d697183d2e7.rmeta
Only in vendor/serdes-ai-models/target/debug/deps: libonce_cell-716c43cced633c62.rlib
Only in vendor/serdes-ai-models/target/debug/deps: libonce_cell-716c43cced633c62.rmeta
Only in vendor/serdes-ai-models/target/debug/deps: libparking_lot-bbe3201335094228.rmeta
Only in vendor/serdes-ai-models/target/debug/deps: libparking_lot-e708772dea73b7f8.rlib
Only in vendor/serdes-ai-models/target/debug/deps: libparking_lot-e708772dea73b7f8.rmeta
Only in vendor/serdes-ai-models/target/debug/deps: libparking_lot_core-b89813148995c67b.rmeta
Only in vendor/serdes-ai-models/target/debug/deps: libparking_lot_core-d8eb36142cefa5e3.rlib
Only in vendor/serdes-ai-models/target/debug/deps: libparking_lot_core-d8eb36142cefa5e3.rmeta
Only in vendor/serdes-ai-models/target/debug/deps: libpercent_encoding-283ec43be665d3bc.rmeta
Only in vendor/serdes-ai-models/target/debug/deps: libpercent_encoding-76226f1a5c7d4040.rlib
Only in vendor/serdes-ai-models/target/debug/deps: libpercent_encoding-76226f1a5c7d4040.rmeta
Only in vendor/serdes-ai-models/target/debug/deps: libpin_project_lite-586ef38be16ef8c8.rlib
Only in vendor/serdes-ai-models/target/debug/deps: libpin_project_lite-586ef38be16ef8c8.rmeta
Only in vendor/serdes-ai-models/target/debug/deps: libpin_project_lite-e638a9f60b0db172.rmeta
Only in vendor/serdes-ai-models/target/debug/deps: libpotential_utf-64d87ba5601471d2.rmeta
Only in vendor/serdes-ai-models/target/debug/deps: libpotential_utf-ef2191239b4c17fa.rlib
Only in vendor/serdes-ai-models/target/debug/deps: libpotential_utf-ef2191239b4c17fa.rmeta
Only in vendor/serdes-ai-models/target/debug/deps: libpredicates-6a2847424c76a043.rmeta
Only in vendor/serdes-ai-models/target/debug/deps: libpredicates-ac2fc095a5e61528.rlib
Only in vendor/serdes-ai-models/target/debug/deps: libpredicates-ac2fc095a5e61528.rmeta
Only in vendor/serdes-ai-models/target/debug/deps: libpredicates_core-6836066b9caa5784.rmeta
Only in vendor/serdes-ai-models/target/debug/deps: libpredicates_core-a874b5fbbfa5dfc7.rlib
Only in vendor/serdes-ai-models/target/debug/deps: libpredicates_core-a874b5fbbfa5dfc7.rmeta
Only in vendor/serdes-ai-models/target/debug/deps: libpredicates_tree-7708263f075562d0.rmeta
Only in vendor/serdes-ai-models/target/debug/deps: libpredicates_tree-778eeddae5b00178.rlib
Only in vendor/serdes-ai-models/target/debug/deps: libpredicates_tree-778eeddae5b00178.rmeta
Only in vendor/serdes-ai-models/target/debug/deps: libproc_macro2-036fdaae11521616.rlib
Only in vendor/serdes-ai-models/target/debug/deps: libproc_macro2-036fdaae11521616.rmeta
Only in vendor/serdes-ai-models/target/debug/deps: libproc_macro_crate-d94d87b4b3a16477.rlib
Only in vendor/serdes-ai-models/target/debug/deps: libproc_macro_crate-d94d87b4b3a16477.rmeta
Only in vendor/serdes-ai-models/target/debug/deps: libproc_macro_crate-deabbd35c02f4199.rlib
Only in vendor/serdes-ai-models/target/debug/deps: libproc_macro_crate-deabbd35c02f4199.rmeta
Only in vendor/serdes-ai-models/target/debug/deps: libquote-54b6e7941a59e2dc.rlib
Only in vendor/serdes-ai-models/target/debug/deps: libquote-54b6e7941a59e2dc.rmeta
Only in vendor/serdes-ai-models/target/debug/deps: libregex-45d893ebf522c6c1.rmeta
Only in vendor/serdes-ai-models/target/debug/deps: libregex-49d6a0f66ba244c8.rlib
Only in vendor/serdes-ai-models/target/debug/deps: libregex-49d6a0f66ba244c8.rmeta
Only in vendor/serdes-ai-models/target/debug/deps: libregex-7b271bd073f6364d.rlib
Only in vendor/serdes-ai-models/target/debug/deps: libregex-7b271bd073f6364d.rmeta
Only in vendor/serdes-ai-models/target/debug/deps: libregex-ae55c2b25ceee599.rlib
Only in vendor/serdes-ai-models/target/debug/deps: libregex-ae55c2b25ceee599.rmeta
Only in vendor/serdes-ai-models/target/debug/deps: libregex_automata-0484a59d8327327b.rlib
Only in vendor/serdes-ai-models/target/debug/deps: libregex_automata-0484a59d8327327b.rmeta
Only in vendor/serdes-ai-models/target/debug/deps: libregex_automata-5029a32b1015eb6b.rlib
Only in vendor/serdes-ai-models/target/debug/deps: libregex_automata-5029a32b1015eb6b.rmeta
Only in vendor/serdes-ai-models/target/debug/deps: libregex_automata-7047cdff16a5d4fd.rlib
Only in vendor/serdes-ai-models/target/debug/deps: libregex_automata-7047cdff16a5d4fd.rmeta
Only in vendor/serdes-ai-models/target/debug/deps: libregex_automata-e8d92f35a06b4b82.rmeta
Only in vendor/serdes-ai-models/target/debug/deps: libregex_syntax-99ea0c79c90605ae.rmeta
Only in vendor/serdes-ai-models/target/debug/deps: libregex_syntax-bc23f01fbf2be993.rlib
Only in vendor/serdes-ai-models/target/debug/deps: libregex_syntax-bc23f01fbf2be993.rmeta
Only in vendor/serdes-ai-models/target/debug/deps: libregex_syntax-d1107f5217faf9f6.rlib
Only in vendor/serdes-ai-models/target/debug/deps: libregex_syntax-d1107f5217faf9f6.rmeta
Only in vendor/serdes-ai-models/target/debug/deps: librelative_path-e0e01f435e505c47.rlib
Only in vendor/serdes-ai-models/target/debug/deps: librelative_path-e0e01f435e505c47.rmeta
Only in vendor/serdes-ai-models/target/debug/deps: libreqwest-d09a6695f29081a8.rmeta
Only in vendor/serdes-ai-models/target/debug/deps: libreqwest-d9711d6428e35a72.rlib
Only in vendor/serdes-ai-models/target/debug/deps: libreqwest-d9711d6428e35a72.rmeta
Only in vendor/serdes-ai-models/target/debug/deps: libring-d8d77181661f7976.rmeta
Only in vendor/serdes-ai-models/target/debug/deps: libring-e12885935d0f7a94.rlib
Only in vendor/serdes-ai-models/target/debug/deps: libring-e12885935d0f7a94.rmeta
Only in vendor/serdes-ai-models/target/debug/deps: librstest-11bdb1b742403091.rlib
Only in vendor/serdes-ai-models/target/debug/deps: librstest-11bdb1b742403091.rmeta
Only in vendor/serdes-ai-models/target/debug/deps: librstest-859979f9a2932b93.rmeta
Only in vendor/serdes-ai-models/target/debug/deps: librstest_macros-44e48993b378f25c.dylib
Only in vendor/serdes-ai-models/target/debug/deps: librstest_macros-bcc5c6fbfdf803a2.dylib
Only in vendor/serdes-ai-models/target/debug/deps: librustc_version-ec304c2c649df000.rlib
Only in vendor/serdes-ai-models/target/debug/deps: librustc_version-ec304c2c649df000.rmeta
Only in vendor/serdes-ai-models/target/debug/deps: librustls-e002fc44c3e7d150.rmeta
Only in vendor/serdes-ai-models/target/debug/deps: librustls-f2485ce22736a1e7.rlib
Only in vendor/serdes-ai-models/target/debug/deps: librustls-f2485ce22736a1e7.rmeta
Only in vendor/serdes-ai-models/target/debug/deps: librustls_pki_types-6b812368af3cf5a5.rmeta
Only in vendor/serdes-ai-models/target/debug/deps: librustls_pki_types-eb68bdb68f12ebc5.rlib
Only in vendor/serdes-ai-models/target/debug/deps: librustls_pki_types-eb68bdb68f12ebc5.rmeta
Only in vendor/serdes-ai-models/target/debug/deps: libryu-39719d9a85ab13ca.rmeta
Only in vendor/serdes-ai-models/target/debug/deps: libryu-df2e317c575e93a4.rlib
Only in vendor/serdes-ai-models/target/debug/deps: libryu-df2e317c575e93a4.rmeta
Only in vendor/serdes-ai-models/target/debug/deps: libscopeguard-03f093378f853884.rlib
Only in vendor/serdes-ai-models/target/debug/deps: libscopeguard-03f093378f853884.rmeta
Only in vendor/serdes-ai-models/target/debug/deps: libscopeguard-c7d78ba8fcbcef17.rmeta
Only in vendor/serdes-ai-models/target/debug/deps: libsemver-b78aa7bad27a15d1.rlib
Only in vendor/serdes-ai-models/target/debug/deps: libsemver-b78aa7bad27a15d1.rmeta
Only in vendor/serdes-ai-models/target/debug/deps: libserde-493c7ba43ab5a5a0.rmeta
Only in vendor/serdes-ai-models/target/debug/deps: libserde-58608e64841e7d58.rlib
Only in vendor/serdes-ai-models/target/debug/deps: libserde-58608e64841e7d58.rmeta
Only in vendor/serdes-ai-models/target/debug/deps: libserde_core-32b5861d68088a5e.rlib
Only in vendor/serdes-ai-models/target/debug/deps: libserde_core-32b5861d68088a5e.rmeta
Only in vendor/serdes-ai-models/target/debug/deps: libserde_core-63e1c29ebeb9d8a5.rmeta
Only in vendor/serdes-ai-models/target/debug/deps: libserde_derive-8582f39ea2e607ab.dylib
Only in vendor/serdes-ai-models/target/debug/deps: libserde_json-7c614816fe7e642c.rlib
Only in vendor/serdes-ai-models/target/debug/deps: libserde_json-7c614816fe7e642c.rmeta
Only in vendor/serdes-ai-models/target/debug/deps: libserde_json-e42769291c2ad551.rmeta
Only in vendor/serdes-ai-models/target/debug/deps: libserde_urlencoded-9918dbf66aece15e.rmeta
Only in vendor/serdes-ai-models/target/debug/deps: libserde_urlencoded-d60952d64b7f799e.rlib
Only in vendor/serdes-ai-models/target/debug/deps: libserde_urlencoded-d60952d64b7f799e.rmeta
Only in vendor/serdes-ai-models/target/debug/deps: libserdes_ai_core-5a0e3f564b4cfc36.rmeta
Only in vendor/serdes-ai-models/target/debug/deps: libserdes_ai_core-e269cb0376245964.rlib
Only in vendor/serdes-ai-models/target/debug/deps: libserdes_ai_core-e269cb0376245964.rmeta
Only in vendor/serdes-ai-models/target/debug/deps: libserdes_ai_macros-600ca6b0f0bdbf5a.dylib
Only in vendor/serdes-ai-models/target/debug/deps: libserdes_ai_macros-60987b3d211c9d29.dylib
Only in vendor/serdes-ai-models/target/debug/deps: libserdes_ai_models-a595c3e1230460d9.rmeta
Only in vendor/serdes-ai-models/target/debug/deps: libserdes_ai_models-cf433a205dcfc2e1.rmeta
Only in vendor/serdes-ai-models/target/debug/deps: libserdes_ai_models-e9585023263c71a1.rlib
Only in vendor/serdes-ai-models/target/debug/deps: libserdes_ai_models-e9585023263c71a1.rmeta
Only in vendor/serdes-ai-models/target/debug/deps: libserdes_ai_output-4ee3449b090cb6b7.rlib
Only in vendor/serdes-ai-models/target/debug/deps: libserdes_ai_output-4ee3449b090cb6b7.rmeta
Only in vendor/serdes-ai-models/target/debug/deps: libserdes_ai_output-53a61897a1d4237b.rmeta
Only in vendor/serdes-ai-models/target/debug/deps: libserdes_ai_tools-268e29b9ab105c7b.rmeta
Only in vendor/serdes-ai-models/target/debug/deps: libserdes_ai_tools-591e6dae47209557.rlib
Only in vendor/serdes-ai-models/target/debug/deps: libserdes_ai_tools-591e6dae47209557.rmeta
Only in vendor/serdes-ai-models/target/debug/deps: libserdes_ai_toolsets-54f14a25f88c3096.rlib
Only in vendor/serdes-ai-models/target/debug/deps: libserdes_ai_toolsets-54f14a25f88c3096.rmeta
Only in vendor/serdes-ai-models/target/debug/deps: libserdes_ai_toolsets-baabe2751f2a5af1.rmeta
Only in vendor/serdes-ai-models/target/debug/deps: libshlex-5240bc2566ac9ef9.rlib
Only in vendor/serdes-ai-models/target/debug/deps: libshlex-5240bc2566ac9ef9.rmeta
Only in vendor/serdes-ai-models/target/debug/deps: libsignal_hook_registry-3c146eafdf73e590.rlib
Only in vendor/serdes-ai-models/target/debug/deps: libsignal_hook_registry-3c146eafdf73e590.rmeta
Only in vendor/serdes-ai-models/target/debug/deps: libsignal_hook_registry-561ce9c6838cc4a8.rmeta
Only in vendor/serdes-ai-models/target/debug/deps: libslab-2f488bde99058075.rmeta
Only in vendor/serdes-ai-models/target/debug/deps: libslab-35256d05aa8af191.rlib
Only in vendor/serdes-ai-models/target/debug/deps: libslab-35256d05aa8af191.rmeta
Only in vendor/serdes-ai-models/target/debug/deps: libsmallvec-3273cde8a37cc205.rlib
Only in vendor/serdes-ai-models/target/debug/deps: libsmallvec-3273cde8a37cc205.rmeta
Only in vendor/serdes-ai-models/target/debug/deps: libsmallvec-5a083560b132cd2d.rmeta
Only in vendor/serdes-ai-models/target/debug/deps: libsocket2-4cd51669deea6a85.rmeta
Only in vendor/serdes-ai-models/target/debug/deps: libsocket2-a0653e45d0debd8b.rlib
Only in vendor/serdes-ai-models/target/debug/deps: libsocket2-a0653e45d0debd8b.rmeta
Only in vendor/serdes-ai-models/target/debug/deps: libstable_deref_trait-26884c7323890b3b.rmeta
Only in vendor/serdes-ai-models/target/debug/deps: libstable_deref_trait-8be854e8812732e1.rlib
Only in vendor/serdes-ai-models/target/debug/deps: libstable_deref_trait-8be854e8812732e1.rmeta
Only in vendor/serdes-ai-models/target/debug/deps: libstrsim-0e4fe4b06f384094.rlib
Only in vendor/serdes-ai-models/target/debug/deps: libstrsim-0e4fe4b06f384094.rmeta
Only in vendor/serdes-ai-models/target/debug/deps: libsubtle-00666f39de402553.rlib
Only in vendor/serdes-ai-models/target/debug/deps: libsubtle-00666f39de402553.rmeta
Only in vendor/serdes-ai-models/target/debug/deps: libsubtle-f3b19532e8b070c4.rmeta
Only in vendor/serdes-ai-models/target/debug/deps: libsyn-5dd34e8ddf880085.rlib
Only in vendor/serdes-ai-models/target/debug/deps: libsyn-5dd34e8ddf880085.rmeta
Only in vendor/serdes-ai-models/target/debug/deps: libsyn-917c9107b1cc443d.rlib
Only in vendor/serdes-ai-models/target/debug/deps: libsyn-917c9107b1cc443d.rmeta
Only in vendor/serdes-ai-models/target/debug/deps: libsync_wrapper-386e3e7612a8d144.rmeta
Only in vendor/serdes-ai-models/target/debug/deps: libsync_wrapper-8549eefaa1c78495.rlib
Only in vendor/serdes-ai-models/target/debug/deps: libsync_wrapper-8549eefaa1c78495.rmeta
Only in vendor/serdes-ai-models/target/debug/deps: libsynstructure-53a97ead95820422.rlib
Only in vendor/serdes-ai-models/target/debug/deps: libsynstructure-53a97ead95820422.rmeta
Only in vendor/serdes-ai-models/target/debug/deps: libtermtree-d40ff6a9b8ae1033.rlib
Only in vendor/serdes-ai-models/target/debug/deps: libtermtree-d40ff6a9b8ae1033.rmeta
Only in vendor/serdes-ai-models/target/debug/deps: libtermtree-eb1c8da80e0d0f3a.rmeta
Only in vendor/serdes-ai-models/target/debug/deps: libthiserror-36a249c9750efaf1.rmeta
Only in vendor/serdes-ai-models/target/debug/deps: libthiserror-906297181b2cdcf9.rlib
Only in vendor/serdes-ai-models/target/debug/deps: libthiserror-906297181b2cdcf9.rmeta
Only in vendor/serdes-ai-models/target/debug/deps: libthiserror_impl-b4eaf5450e3933f3.dylib
Only in vendor/serdes-ai-models/target/debug/deps: libtinystr-b641cb6c1c78f306.rmeta
Only in vendor/serdes-ai-models/target/debug/deps: libtinystr-b99b4748f1da5f91.rlib
Only in vendor/serdes-ai-models/target/debug/deps: libtinystr-b99b4748f1da5f91.rmeta
Only in vendor/serdes-ai-models/target/debug/deps: libtokio-b5323e7c8b966db6.rlib
Only in vendor/serdes-ai-models/target/debug/deps: libtokio-b5323e7c8b966db6.rmeta
Only in vendor/serdes-ai-models/target/debug/deps: libtokio-f32360f8dc0fa4fc.rmeta
Only in vendor/serdes-ai-models/target/debug/deps: libtokio_macros-6350068c7b31601e.dylib
Only in vendor/serdes-ai-models/target/debug/deps: libtokio_rustls-5a54960868a3093b.rmeta
Only in vendor/serdes-ai-models/target/debug/deps: libtokio_rustls-dfecc9e15c836482.rlib
Only in vendor/serdes-ai-models/target/debug/deps: libtokio_rustls-dfecc9e15c836482.rmeta
Only in vendor/serdes-ai-models/target/debug/deps: libtokio_stream-2ca27fb0382c53e5.rlib
Only in vendor/serdes-ai-models/target/debug/deps: libtokio_stream-2ca27fb0382c53e5.rmeta
Only in vendor/serdes-ai-models/target/debug/deps: libtokio_stream-6f4fb8d7c45733c5.rmeta
Only in vendor/serdes-ai-models/target/debug/deps: libtokio_test-2a6ea3edb07207e6.rlib
Only in vendor/serdes-ai-models/target/debug/deps: libtokio_test-2a6ea3edb07207e6.rmeta
Only in vendor/serdes-ai-models/target/debug/deps: libtokio_test-517a08fdcf193f25.rmeta
Only in vendor/serdes-ai-models/target/debug/deps: libtokio_util-bd404830881709c5.rmeta
Only in vendor/serdes-ai-models/target/debug/deps: libtokio_util-ff268aea8992bd21.rlib
Only in vendor/serdes-ai-models/target/debug/deps: libtokio_util-ff268aea8992bd21.rmeta
Only in vendor/serdes-ai-models/target/debug/deps: libtoml_datetime-374a568efae1db6e.rlib
Only in vendor/serdes-ai-models/target/debug/deps: libtoml_datetime-374a568efae1db6e.rmeta
Only in vendor/serdes-ai-models/target/debug/deps: libtoml_edit-8f23fcb0658f1830.rlib
Only in vendor/serdes-ai-models/target/debug/deps: libtoml_edit-8f23fcb0658f1830.rmeta
Only in vendor/serdes-ai-models/target/debug/deps: libtoml_edit-f4adef4254abc44d.rlib
Only in vendor/serdes-ai-models/target/debug/deps: libtoml_edit-f4adef4254abc44d.rmeta
Only in vendor/serdes-ai-models/target/debug/deps: libtoml_parser-35f310adc0920f07.rlib
Only in vendor/serdes-ai-models/target/debug/deps: libtoml_parser-35f310adc0920f07.rmeta
Only in vendor/serdes-ai-models/target/debug/deps: libtower-0c1f2c771131cb7c.rlib
Only in vendor/serdes-ai-models/target/debug/deps: libtower-0c1f2c771131cb7c.rmeta
Only in vendor/serdes-ai-models/target/debug/deps: libtower-fa9cffee40b0773c.rmeta
Only in vendor/serdes-ai-models/target/debug/deps: libtower_http-9e922957aa2b40db.rlib
Only in vendor/serdes-ai-models/target/debug/deps: libtower_http-9e922957aa2b40db.rmeta
Only in vendor/serdes-ai-models/target/debug/deps: libtower_http-fb5ec854896ed85d.rmeta
Only in vendor/serdes-ai-models/target/debug/deps: libtower_layer-60525c935857f972.rlib
Only in vendor/serdes-ai-models/target/debug/deps: libtower_layer-60525c935857f972.rmeta
Only in vendor/serdes-ai-models/target/debug/deps: libtower_layer-a70990afb6cf9a12.rmeta
Only in vendor/serdes-ai-models/target/debug/deps: libtower_service-3e874b44b1de8bae.rmeta
Only in vendor/serdes-ai-models/target/debug/deps: libtower_service-7f41eb306fcc408a.rlib
Only in vendor/serdes-ai-models/target/debug/deps: libtower_service-7f41eb306fcc408a.rmeta
Only in vendor/serdes-ai-models/target/debug/deps: libtracing-04c8cf0348e2b3f5.rmeta
Only in vendor/serdes-ai-models/target/debug/deps: libtracing-303962bce396c0bc.rlib
Only in vendor/serdes-ai-models/target/debug/deps: libtracing-303962bce396c0bc.rmeta
Only in vendor/serdes-ai-models/target/debug/deps: libtracing_attributes-b8ac1222d4360abe.dylib
Only in vendor/serdes-ai-models/target/debug/deps: libtracing_core-346b007a9c3b031d.rmeta
Only in vendor/serdes-ai-models/target/debug/deps: libtracing_core-ea2af4d333127416.rlib
Only in vendor/serdes-ai-models/target/debug/deps: libtracing_core-ea2af4d333127416.rmeta
Only in vendor/serdes-ai-models/target/debug/deps: libtry_lock-8ca481baa00be8b1.rlib
Only in vendor/serdes-ai-models/target/debug/deps: libtry_lock-8ca481baa00be8b1.rmeta
Only in vendor/serdes-ai-models/target/debug/deps: libtry_lock-c63e7b41a931d74d.rmeta
Only in vendor/serdes-ai-models/target/debug/deps: libunicode_ident-fec03648d3ee7fd4.rlib
Only in vendor/serdes-ai-models/target/debug/deps: libunicode_ident-fec03648d3ee7fd4.rmeta
Only in vendor/serdes-ai-models/target/debug/deps: libuntrusted-4e24c59026e223f9.rlib
Only in vendor/serdes-ai-models/target/debug/deps: libuntrusted-4e24c59026e223f9.rmeta
Only in vendor/serdes-ai-models/target/debug/deps: libuntrusted-d62c3ed937b63582.rmeta
Only in vendor/serdes-ai-models/target/debug/deps: liburl-2c08f791e97361d9.rlib
Only in vendor/serdes-ai-models/target/debug/deps: liburl-2c08f791e97361d9.rmeta
Only in vendor/serdes-ai-models/target/debug/deps: liburl-81ca8fb964867fcc.rmeta
Only in vendor/serdes-ai-models/target/debug/deps: libutf8_iter-0fb0fb1a7515565d.rlib
Only in vendor/serdes-ai-models/target/debug/deps: libutf8_iter-0fb0fb1a7515565d.rmeta
Only in vendor/serdes-ai-models/target/debug/deps: libutf8_iter-10590c8c514694c9.rmeta
Only in vendor/serdes-ai-models/target/debug/deps: libuuid-726d7e8fd6427c18.rlib
Only in vendor/serdes-ai-models/target/debug/deps: libuuid-726d7e8fd6427c18.rmeta
Only in vendor/serdes-ai-models/target/debug/deps: libuuid-d47999fed07baaa0.rmeta
Only in vendor/serdes-ai-models/target/debug/deps: libwant-23c907daa95da708.rlib
Only in vendor/serdes-ai-models/target/debug/deps: libwant-23c907daa95da708.rmeta
Only in vendor/serdes-ai-models/target/debug/deps: libwant-fc8c3bfd61515640.rmeta
Only in vendor/serdes-ai-models/target/debug/deps: libwebpki-22a12c0739e68993.rmeta
Only in vendor/serdes-ai-models/target/debug/deps: libwebpki-c0b0ec55c4579fdc.rlib
Only in vendor/serdes-ai-models/target/debug/deps: libwebpki-c0b0ec55c4579fdc.rmeta
Only in vendor/serdes-ai-models/target/debug/deps: libwebpki_roots-1ddb5c6660fa7a53.rlib
Only in vendor/serdes-ai-models/target/debug/deps: libwebpki_roots-1ddb5c6660fa7a53.rmeta
Only in vendor/serdes-ai-models/target/debug/deps: libwebpki_roots-75676717d43b7ad4.rmeta
Only in vendor/serdes-ai-models/target/debug/deps: libwinnow-8fb320a5a86b056e.rlib
Only in vendor/serdes-ai-models/target/debug/deps: libwinnow-8fb320a5a86b056e.rmeta
Only in vendor/serdes-ai-models/target/debug/deps: libwiremock-6e18577af99aa4e8.rmeta
Only in vendor/serdes-ai-models/target/debug/deps: libwiremock-d96d2191ff4bb790.rlib
Only in vendor/serdes-ai-models/target/debug/deps: libwiremock-d96d2191ff4bb790.rmeta
Only in vendor/serdes-ai-models/target/debug/deps: libwriteable-b4ad73ab9270eb17.rmeta
Only in vendor/serdes-ai-models/target/debug/deps: libwriteable-d1214f1d0f702709.rlib
Only in vendor/serdes-ai-models/target/debug/deps: libwriteable-d1214f1d0f702709.rmeta
Only in vendor/serdes-ai-models/target/debug/deps: libyoke-167aee1c9eb4e65e.rmeta
Only in vendor/serdes-ai-models/target/debug/deps: libyoke-26b750d4c3b79fd5.rlib
Only in vendor/serdes-ai-models/target/debug/deps: libyoke-26b750d4c3b79fd5.rmeta
Only in vendor/serdes-ai-models/target/debug/deps: libyoke_derive-e40c758ed81544dc.dylib
Only in vendor/serdes-ai-models/target/debug/deps: libzerofrom-0cfac90107e2db34.rmeta
Only in vendor/serdes-ai-models/target/debug/deps: libzerofrom-c6741475c9e186e8.rlib
Only in vendor/serdes-ai-models/target/debug/deps: libzerofrom-c6741475c9e186e8.rmeta
Only in vendor/serdes-ai-models/target/debug/deps: libzerofrom_derive-9951e69253aab757.dylib
Only in vendor/serdes-ai-models/target/debug/deps: libzeroize-24bd8f00e3e86509.rlib
Only in vendor/serdes-ai-models/target/debug/deps: libzeroize-24bd8f00e3e86509.rmeta
Only in vendor/serdes-ai-models/target/debug/deps: libzeroize-c839e522d07573d1.rmeta
Only in vendor/serdes-ai-models/target/debug/deps: libzerotrie-95bf9d89ae496555.rmeta
Only in vendor/serdes-ai-models/target/debug/deps: libzerotrie-999c71a7714bcbb9.rlib
Only in vendor/serdes-ai-models/target/debug/deps: libzerotrie-999c71a7714bcbb9.rmeta
Only in vendor/serdes-ai-models/target/debug/deps: libzerovec-6c6fa402f61c9f79.rlib
Only in vendor/serdes-ai-models/target/debug/deps: libzerovec-6c6fa402f61c9f79.rmeta
Only in vendor/serdes-ai-models/target/debug/deps: libzerovec-794d707753cb061a.rmeta
Only in vendor/serdes-ai-models/target/debug/deps: libzerovec_derive-9eb648cd1f1970c2.dylib
Only in vendor/serdes-ai-models/target/debug/deps: libzmij-9e60319a8c05d239.rlib
Only in vendor/serdes-ai-models/target/debug/deps: libzmij-9e60319a8c05d239.rmeta
Only in vendor/serdes-ai-models/target/debug/deps: libzmij-aa636fc82cb9bd44.rmeta
Only in vendor/serdes-ai-models/target/debug/deps: litemap-2a12e54573cbfaf7.litemap.d5a0819a1ef498f9-cgu.0.rcgu.o
Only in vendor/serdes-ai-models/target/debug/deps: lock_api-7a37a38473fcc259.lock_api.a3f589a523c3dc56-cgu.0.rcgu.o
Only in vendor/serdes-ai-models/target/debug/deps: log-219f04f16aa7a1c5.log.c6c003ee9e616a28-cgu.0.rcgu.o
Only in vendor/serdes-ai-models/target/debug/deps: memchr-0ed01910f16c2174.memchr.d50262668c18be07-cgu.0.rcgu.o
Only in vendor/serdes-ai-models/target/debug/deps: mime-7ac5e95a93116c21.mime.eb678c20804977d-cgu.0.rcgu.o
Only in vendor/serdes-ai-models/target/debug/deps: mio-c6936028f050e39f.mio.c43d77241f5ff9be-cgu.0.rcgu.o
Only in vendor/serdes-ai-models/target/debug/deps: mio-c6936028f050e39f.mio.c43d77241f5ff9be-cgu.1.rcgu.o
Only in vendor/serdes-ai-models/target/debug/deps: mockall-956a7de95d328777.mockall.514de086cd33a6d6-cgu.0.rcgu.o
Only in vendor/serdes-ai-models/target/debug/deps: num_cpus-cf3b7141cb11318b.num_cpus.77f9116ee8b91802-cgu.0.rcgu.o
Only in vendor/serdes-ai-models/target/debug/deps: num_traits-c8ae48ccc9fb41ae.num_traits.db15809960173eb1-cgu.0.rcgu.o
Only in vendor/serdes-ai-models/target/debug/deps: once_cell-716c43cced633c62.once_cell.830c9b037c87d2fe-cgu.0.rcgu.o
Only in vendor/serdes-ai-models/target/debug/deps: parking_lot-e708772dea73b7f8.parking_lot.32af599de846df27-cgu.0.rcgu.o
Only in vendor/serdes-ai-models/target/debug/deps: parking_lot-e708772dea73b7f8.parking_lot.32af599de846df27-cgu.1.rcgu.o
Only in vendor/serdes-ai-models/target/debug/deps: parking_lot-e708772dea73b7f8.parking_lot.32af599de846df27-cgu.2.rcgu.o
Only in vendor/serdes-ai-models/target/debug/deps: parking_lot_core-d8eb36142cefa5e3.parking_lot_core.c22bb65b9dfcced3-cgu.0.rcgu.o
Only in vendor/serdes-ai-models/target/debug/deps: percent_encoding-76226f1a5c7d4040.percent_encoding.bc92ba25a11693b2-cgu.0.rcgu.o
Only in vendor/serdes-ai-models/target/debug/deps: pin_project_lite-586ef38be16ef8c8.pin_project_lite.21cda7a6895e4acc-cgu.0.rcgu.o
Only in vendor/serdes-ai-models/target/debug/deps: potential_utf-ef2191239b4c17fa.potential_utf.fab0b64f97b91504-cgu.0.rcgu.o
Only in vendor/serdes-ai-models/target/debug/deps: predicates-ac2fc095a5e61528.predicates.c3ed783465e94845-cgu.0.rcgu.o
Only in vendor/serdes-ai-models/target/debug/deps: predicates-ac2fc095a5e61528.predicates.c3ed783465e94845-cgu.1.rcgu.o
Only in vendor/serdes-ai-models/target/debug/deps: predicates_core-a874b5fbbfa5dfc7.predicates_core.eb38120ac568693d-cgu.0.rcgu.o
Only in vendor/serdes-ai-models/target/debug/deps: predicates_tree-778eeddae5b00178.predicates_tree.1ad9e2817aacd599-cgu.0.rcgu.o
Only in vendor/serdes-ai-models/target/debug/deps: regex-49d6a0f66ba244c8.regex.b84e0424849f0e69-cgu.0.rcgu.o
Only in vendor/serdes-ai-models/target/debug/deps: regex-ae55c2b25ceee599.regex.827f9ad7f683e2ea-cgu.0.rcgu.o
Only in vendor/serdes-ai-models/target/debug/deps: regex_automata-0484a59d8327327b.regex_automata.ac5eab5597c38a52-cgu.00.rcgu.o
Only in vendor/serdes-ai-models/target/debug/deps: regex_automata-0484a59d8327327b.regex_automata.ac5eab5597c38a52-cgu.01.rcgu.o
Only in vendor/serdes-ai-models/target/debug/deps: regex_automata-0484a59d8327327b.regex_automata.ac5eab5597c38a52-cgu.02.rcgu.o
Only in vendor/serdes-ai-models/target/debug/deps: regex_automata-0484a59d8327327b.regex_automata.ac5eab5597c38a52-cgu.03.rcgu.o
Only in vendor/serdes-ai-models/target/debug/deps: regex_automata-0484a59d8327327b.regex_automata.ac5eab5597c38a52-cgu.04.rcgu.o
Only in vendor/serdes-ai-models/target/debug/deps: regex_automata-0484a59d8327327b.regex_automata.ac5eab5597c38a52-cgu.05.rcgu.o
Only in vendor/serdes-ai-models/target/debug/deps: regex_automata-0484a59d8327327b.regex_automata.ac5eab5597c38a52-cgu.06.rcgu.o
Only in vendor/serdes-ai-models/target/debug/deps: regex_automata-0484a59d8327327b.regex_automata.ac5eab5597c38a52-cgu.07.rcgu.o
Only in vendor/serdes-ai-models/target/debug/deps: regex_automata-0484a59d8327327b.regex_automata.ac5eab5597c38a52-cgu.08.rcgu.o
Only in vendor/serdes-ai-models/target/debug/deps: regex_automata-0484a59d8327327b.regex_automata.ac5eab5597c38a52-cgu.09.rcgu.o
Only in vendor/serdes-ai-models/target/debug/deps: regex_automata-0484a59d8327327b.regex_automata.ac5eab5597c38a52-cgu.10.rcgu.o
Only in vendor/serdes-ai-models/target/debug/deps: regex_automata-0484a59d8327327b.regex_automata.ac5eab5597c38a52-cgu.11.rcgu.o
Only in vendor/serdes-ai-models/target/debug/deps: regex_automata-0484a59d8327327b.regex_automata.ac5eab5597c38a52-cgu.12.rcgu.o
Only in vendor/serdes-ai-models/target/debug/deps: regex_automata-0484a59d8327327b.regex_automata.ac5eab5597c38a52-cgu.13.rcgu.o
Only in vendor/serdes-ai-models/target/debug/deps: regex_automata-0484a59d8327327b.regex_automata.ac5eab5597c38a52-cgu.14.rcgu.o
Only in vendor/serdes-ai-models/target/debug/deps: regex_automata-0484a59d8327327b.regex_automata.ac5eab5597c38a52-cgu.15.rcgu.o
Only in vendor/serdes-ai-models/target/debug/deps: regex_automata-5029a32b1015eb6b.regex_automata.af5f5643a4848940-cgu.00.rcgu.o
Only in vendor/serdes-ai-models/target/debug/deps: regex_automata-5029a32b1015eb6b.regex_automata.af5f5643a4848940-cgu.01.rcgu.o
Only in vendor/serdes-ai-models/target/debug/deps: regex_automata-5029a32b1015eb6b.regex_automata.af5f5643a4848940-cgu.02.rcgu.o
Only in vendor/serdes-ai-models/target/debug/deps: regex_automata-5029a32b1015eb6b.regex_automata.af5f5643a4848940-cgu.03.rcgu.o
Only in vendor/serdes-ai-models/target/debug/deps: regex_automata-5029a32b1015eb6b.regex_automata.af5f5643a4848940-cgu.04.rcgu.o
Only in vendor/serdes-ai-models/target/debug/deps: regex_automata-5029a32b1015eb6b.regex_automata.af5f5643a4848940-cgu.05.rcgu.o
Only in vendor/serdes-ai-models/target/debug/deps: regex_automata-5029a32b1015eb6b.regex_automata.af5f5643a4848940-cgu.06.rcgu.o
Only in vendor/serdes-ai-models/target/debug/deps: regex_automata-5029a32b1015eb6b.regex_automata.af5f5643a4848940-cgu.07.rcgu.o
Only in vendor/serdes-ai-models/target/debug/deps: regex_automata-5029a32b1015eb6b.regex_automata.af5f5643a4848940-cgu.08.rcgu.o
Only in vendor/serdes-ai-models/target/debug/deps: regex_automata-5029a32b1015eb6b.regex_automata.af5f5643a4848940-cgu.09.rcgu.o
Only in vendor/serdes-ai-models/target/debug/deps: regex_automata-5029a32b1015eb6b.regex_automata.af5f5643a4848940-cgu.10.rcgu.o
Only in vendor/serdes-ai-models/target/debug/deps: regex_automata-5029a32b1015eb6b.regex_automata.af5f5643a4848940-cgu.11.rcgu.o
Only in vendor/serdes-ai-models/target/debug/deps: regex_automata-5029a32b1015eb6b.regex_automata.af5f5643a4848940-cgu.12.rcgu.o
Only in vendor/serdes-ai-models/target/debug/deps: regex_automata-5029a32b1015eb6b.regex_automata.af5f5643a4848940-cgu.13.rcgu.o
Only in vendor/serdes-ai-models/target/debug/deps: regex_automata-5029a32b1015eb6b.regex_automata.af5f5643a4848940-cgu.14.rcgu.o
Only in vendor/serdes-ai-models/target/debug/deps: regex_automata-5029a32b1015eb6b.regex_automata.af5f5643a4848940-cgu.15.rcgu.o
Only in vendor/serdes-ai-models/target/debug/deps: regex_syntax-d1107f5217faf9f6.regex_syntax.5a6d8e3651bf53ac-cgu.00.rcgu.o
Only in vendor/serdes-ai-models/target/debug/deps: regex_syntax-d1107f5217faf9f6.regex_syntax.5a6d8e3651bf53ac-cgu.01.rcgu.o
Only in vendor/serdes-ai-models/target/debug/deps: regex_syntax-d1107f5217faf9f6.regex_syntax.5a6d8e3651bf53ac-cgu.02.rcgu.o
Only in vendor/serdes-ai-models/target/debug/deps: regex_syntax-d1107f5217faf9f6.regex_syntax.5a6d8e3651bf53ac-cgu.03.rcgu.o
Only in vendor/serdes-ai-models/target/debug/deps: regex_syntax-d1107f5217faf9f6.regex_syntax.5a6d8e3651bf53ac-cgu.04.rcgu.o
Only in vendor/serdes-ai-models/target/debug/deps: regex_syntax-d1107f5217faf9f6.regex_syntax.5a6d8e3651bf53ac-cgu.05.rcgu.o
Only in vendor/serdes-ai-models/target/debug/deps: regex_syntax-d1107f5217faf9f6.regex_syntax.5a6d8e3651bf53ac-cgu.06.rcgu.o
Only in vendor/serdes-ai-models/target/debug/deps: regex_syntax-d1107f5217faf9f6.regex_syntax.5a6d8e3651bf53ac-cgu.07.rcgu.o
Only in vendor/serdes-ai-models/target/debug/deps: regex_syntax-d1107f5217faf9f6.regex_syntax.5a6d8e3651bf53ac-cgu.08.rcgu.o
Only in vendor/serdes-ai-models/target/debug/deps: regex_syntax-d1107f5217faf9f6.regex_syntax.5a6d8e3651bf53ac-cgu.09.rcgu.o
Only in vendor/serdes-ai-models/target/debug/deps: regex_syntax-d1107f5217faf9f6.regex_syntax.5a6d8e3651bf53ac-cgu.10.rcgu.o
Only in vendor/serdes-ai-models/target/debug/deps: regex_syntax-d1107f5217faf9f6.regex_syntax.5a6d8e3651bf53ac-cgu.11.rcgu.o
Only in vendor/serdes-ai-models/target/debug/deps: regex_syntax-d1107f5217faf9f6.regex_syntax.5a6d8e3651bf53ac-cgu.12.rcgu.o
Only in vendor/serdes-ai-models/target/debug/deps: regex_syntax-d1107f5217faf9f6.regex_syntax.5a6d8e3651bf53ac-cgu.13.rcgu.o
Only in vendor/serdes-ai-models/target/debug/deps: regex_syntax-d1107f5217faf9f6.regex_syntax.5a6d8e3651bf53ac-cgu.14.rcgu.o
Only in vendor/serdes-ai-models/target/debug/deps: regex_syntax-d1107f5217faf9f6.regex_syntax.5a6d8e3651bf53ac-cgu.15.rcgu.o
Only in vendor/serdes-ai-models/target/debug/deps: reqwest-d9711d6428e35a72.reqwest.efe122f666aa7431-cgu.00.rcgu.o
Only in vendor/serdes-ai-models/target/debug/deps: reqwest-d9711d6428e35a72.reqwest.efe122f666aa7431-cgu.01.rcgu.o
Only in vendor/serdes-ai-models/target/debug/deps: reqwest-d9711d6428e35a72.reqwest.efe122f666aa7431-cgu.02.rcgu.o
Only in vendor/serdes-ai-models/target/debug/deps: reqwest-d9711d6428e35a72.reqwest.efe122f666aa7431-cgu.03.rcgu.o
Only in vendor/serdes-ai-models/target/debug/deps: reqwest-d9711d6428e35a72.reqwest.efe122f666aa7431-cgu.04.rcgu.o
Only in vendor/serdes-ai-models/target/debug/deps: reqwest-d9711d6428e35a72.reqwest.efe122f666aa7431-cgu.05.rcgu.o
Only in vendor/serdes-ai-models/target/debug/deps: reqwest-d9711d6428e35a72.reqwest.efe122f666aa7431-cgu.06.rcgu.o
Only in vendor/serdes-ai-models/target/debug/deps: reqwest-d9711d6428e35a72.reqwest.efe122f666aa7431-cgu.07.rcgu.o
Only in vendor/serdes-ai-models/target/debug/deps: reqwest-d9711d6428e35a72.reqwest.efe122f666aa7431-cgu.08.rcgu.o
Only in vendor/serdes-ai-models/target/debug/deps: reqwest-d9711d6428e35a72.reqwest.efe122f666aa7431-cgu.09.rcgu.o
Only in vendor/serdes-ai-models/target/debug/deps: reqwest-d9711d6428e35a72.reqwest.efe122f666aa7431-cgu.10.rcgu.o
Only in vendor/serdes-ai-models/target/debug/deps: reqwest-d9711d6428e35a72.reqwest.efe122f666aa7431-cgu.11.rcgu.o
Only in vendor/serdes-ai-models/target/debug/deps: reqwest-d9711d6428e35a72.reqwest.efe122f666aa7431-cgu.12.rcgu.o
Only in vendor/serdes-ai-models/target/debug/deps: reqwest-d9711d6428e35a72.reqwest.efe122f666aa7431-cgu.13.rcgu.o
Only in vendor/serdes-ai-models/target/debug/deps: reqwest-d9711d6428e35a72.reqwest.efe122f666aa7431-cgu.14.rcgu.o
Only in vendor/serdes-ai-models/target/debug/deps: reqwest-d9711d6428e35a72.reqwest.efe122f666aa7431-cgu.15.rcgu.o
Only in vendor/serdes-ai-models/target/debug/deps: ring-e12885935d0f7a94.ring.87df26fc8b327bb3-cgu.00.rcgu.o
Only in vendor/serdes-ai-models/target/debug/deps: ring-e12885935d0f7a94.ring.87df26fc8b327bb3-cgu.01.rcgu.o
Only in vendor/serdes-ai-models/target/debug/deps: ring-e12885935d0f7a94.ring.87df26fc8b327bb3-cgu.02.rcgu.o
Only in vendor/serdes-ai-models/target/debug/deps: ring-e12885935d0f7a94.ring.87df26fc8b327bb3-cgu.03.rcgu.o
Only in vendor/serdes-ai-models/target/debug/deps: ring-e12885935d0f7a94.ring.87df26fc8b327bb3-cgu.04.rcgu.o
Only in vendor/serdes-ai-models/target/debug/deps: ring-e12885935d0f7a94.ring.87df26fc8b327bb3-cgu.05.rcgu.o
Only in vendor/serdes-ai-models/target/debug/deps: ring-e12885935d0f7a94.ring.87df26fc8b327bb3-cgu.06.rcgu.o
Only in vendor/serdes-ai-models/target/debug/deps: ring-e12885935d0f7a94.ring.87df26fc8b327bb3-cgu.07.rcgu.o
Only in vendor/serdes-ai-models/target/debug/deps: ring-e12885935d0f7a94.ring.87df26fc8b327bb3-cgu.08.rcgu.o
Only in vendor/serdes-ai-models/target/debug/deps: ring-e12885935d0f7a94.ring.87df26fc8b327bb3-cgu.09.rcgu.o
Only in vendor/serdes-ai-models/target/debug/deps: ring-e12885935d0f7a94.ring.87df26fc8b327bb3-cgu.10.rcgu.o
Only in vendor/serdes-ai-models/target/debug/deps: ring-e12885935d0f7a94.ring.87df26fc8b327bb3-cgu.11.rcgu.o
Only in vendor/serdes-ai-models/target/debug/deps: ring-e12885935d0f7a94.ring.87df26fc8b327bb3-cgu.12.rcgu.o
Only in vendor/serdes-ai-models/target/debug/deps: ring-e12885935d0f7a94.ring.87df26fc8b327bb3-cgu.13.rcgu.o
Only in vendor/serdes-ai-models/target/debug/deps: ring-e12885935d0f7a94.ring.87df26fc8b327bb3-cgu.14.rcgu.o
Only in vendor/serdes-ai-models/target/debug/deps: ring-e12885935d0f7a94.ring.87df26fc8b327bb3-cgu.15.rcgu.o
Only in vendor/serdes-ai-models/target/debug/deps: rstest-11bdb1b742403091.rstest.da6e6be7b4be46b2-cgu.0.rcgu.o
Only in vendor/serdes-ai-models/target/debug/deps: rustls-f2485ce22736a1e7.rustls.ea202cf193bcb0eb-cgu.00.rcgu.o
Only in vendor/serdes-ai-models/target/debug/deps: rustls-f2485ce22736a1e7.rustls.ea202cf193bcb0eb-cgu.01.rcgu.o
Only in vendor/serdes-ai-models/target/debug/deps: rustls-f2485ce22736a1e7.rustls.ea202cf193bcb0eb-cgu.02.rcgu.o
Only in vendor/serdes-ai-models/target/debug/deps: rustls-f2485ce22736a1e7.rustls.ea202cf193bcb0eb-cgu.03.rcgu.o
Only in vendor/serdes-ai-models/target/debug/deps: rustls-f2485ce22736a1e7.rustls.ea202cf193bcb0eb-cgu.04.rcgu.o
Only in vendor/serdes-ai-models/target/debug/deps: rustls-f2485ce22736a1e7.rustls.ea202cf193bcb0eb-cgu.05.rcgu.o
Only in vendor/serdes-ai-models/target/debug/deps: rustls-f2485ce22736a1e7.rustls.ea202cf193bcb0eb-cgu.06.rcgu.o
Only in vendor/serdes-ai-models/target/debug/deps: rustls-f2485ce22736a1e7.rustls.ea202cf193bcb0eb-cgu.07.rcgu.o
Only in vendor/serdes-ai-models/target/debug/deps: rustls-f2485ce22736a1e7.rustls.ea202cf193bcb0eb-cgu.08.rcgu.o
Only in vendor/serdes-ai-models/target/debug/deps: rustls-f2485ce22736a1e7.rustls.ea202cf193bcb0eb-cgu.09.rcgu.o
Only in vendor/serdes-ai-models/target/debug/deps: rustls-f2485ce22736a1e7.rustls.ea202cf193bcb0eb-cgu.10.rcgu.o
Only in vendor/serdes-ai-models/target/debug/deps: rustls-f2485ce22736a1e7.rustls.ea202cf193bcb0eb-cgu.11.rcgu.o
Only in vendor/serdes-ai-models/target/debug/deps: rustls-f2485ce22736a1e7.rustls.ea202cf193bcb0eb-cgu.12.rcgu.o
Only in vendor/serdes-ai-models/target/debug/deps: rustls-f2485ce22736a1e7.rustls.ea202cf193bcb0eb-cgu.13.rcgu.o
Only in vendor/serdes-ai-models/target/debug/deps: rustls-f2485ce22736a1e7.rustls.ea202cf193bcb0eb-cgu.14.rcgu.o
Only in vendor/serdes-ai-models/target/debug/deps: rustls-f2485ce22736a1e7.rustls.ea202cf193bcb0eb-cgu.15.rcgu.o
Only in vendor/serdes-ai-models/target/debug/deps: rustls_pki_types-eb68bdb68f12ebc5.rustls_pki_types.562af4a92226b100-cgu.0.rcgu.o
Only in vendor/serdes-ai-models/target/debug/deps: rustls_pki_types-eb68bdb68f12ebc5.rustls_pki_types.562af4a92226b100-cgu.1.rcgu.o
Only in vendor/serdes-ai-models/target/debug/deps: ryu-df2e317c575e93a4.ryu.c534f45cf0232b9c-cgu.0.rcgu.o
Only in vendor/serdes-ai-models/target/debug/deps: scopeguard-03f093378f853884.scopeguard.43288c115594ff16-cgu.0.rcgu.o
Only in vendor/serdes-ai-models/target/debug/deps: serde-58608e64841e7d58.serde.4f444c3f78a434bc-cgu.0.rcgu.o
Only in vendor/serdes-ai-models/target/debug/deps: serde_core-32b5861d68088a5e.serde_core.76191f7d16aa05d0-cgu.0.rcgu.o
Only in vendor/serdes-ai-models/target/debug/deps: serde_json-7c614816fe7e642c.serde_json.2513ac8a73e6fff7-cgu.0.rcgu.o
Only in vendor/serdes-ai-models/target/debug/deps: serde_json-7c614816fe7e642c.serde_json.2513ac8a73e6fff7-cgu.1.rcgu.o
Only in vendor/serdes-ai-models/target/debug/deps: serde_json-7c614816fe7e642c.serde_json.2513ac8a73e6fff7-cgu.2.rcgu.o
Only in vendor/serdes-ai-models/target/debug/deps: serde_json-7c614816fe7e642c.serde_json.2513ac8a73e6fff7-cgu.3.rcgu.o
Only in vendor/serdes-ai-models/target/debug/deps: serde_json-7c614816fe7e642c.serde_json.2513ac8a73e6fff7-cgu.4.rcgu.o
Only in vendor/serdes-ai-models/target/debug/deps: serde_urlencoded-d60952d64b7f799e.serde_urlencoded.2282e4c44a91130f-cgu.0.rcgu.o
Only in vendor/serdes-ai-models/target/debug/deps: serdes_ai_core-e269cb0376245964.serdes_ai_core.2fd97325494b816c-cgu.0.rcgu.o
Only in vendor/serdes-ai-models/target/debug/deps: serdes_ai_core-e269cb0376245964.serdes_ai_core.2fd97325494b816c-cgu.1.rcgu.o
Only in vendor/serdes-ai-models/target/debug/deps: serdes_ai_core-e269cb0376245964.serdes_ai_core.2fd97325494b816c-cgu.2.rcgu.o
Only in vendor/serdes-ai-models/target/debug/deps: serdes_ai_core-e269cb0376245964.serdes_ai_core.2fd97325494b816c-cgu.3.rcgu.o
Only in vendor/serdes-ai-models/target/debug/deps: serdes_ai_core-e269cb0376245964.serdes_ai_core.2fd97325494b816c-cgu.4.rcgu.o
Only in vendor/serdes-ai-models/target/debug/deps: serdes_ai_models-b7eb8b5fcee5b498
Only in vendor/serdes-ai-models/target/debug/deps: serdes_ai_models-b7eb8b5fcee5b498.serdes_ai_models.e6fe19d2dbe7eef4-cgu.00.rcgu.o
Only in vendor/serdes-ai-models/target/debug/deps: serdes_ai_models-b7eb8b5fcee5b498.serdes_ai_models.e6fe19d2dbe7eef4-cgu.01.rcgu.o
Only in vendor/serdes-ai-models/target/debug/deps: serdes_ai_models-b7eb8b5fcee5b498.serdes_ai_models.e6fe19d2dbe7eef4-cgu.02.rcgu.o
Only in vendor/serdes-ai-models/target/debug/deps: serdes_ai_models-b7eb8b5fcee5b498.serdes_ai_models.e6fe19d2dbe7eef4-cgu.03.rcgu.o
Only in vendor/serdes-ai-models/target/debug/deps: serdes_ai_models-b7eb8b5fcee5b498.serdes_ai_models.e6fe19d2dbe7eef4-cgu.04.rcgu.o
Only in vendor/serdes-ai-models/target/debug/deps: serdes_ai_models-b7eb8b5fcee5b498.serdes_ai_models.e6fe19d2dbe7eef4-cgu.05.rcgu.o
Only in vendor/serdes-ai-models/target/debug/deps: serdes_ai_models-b7eb8b5fcee5b498.serdes_ai_models.e6fe19d2dbe7eef4-cgu.06.rcgu.o
Only in vendor/serdes-ai-models/target/debug/deps: serdes_ai_models-b7eb8b5fcee5b498.serdes_ai_models.e6fe19d2dbe7eef4-cgu.07.rcgu.o
Only in vendor/serdes-ai-models/target/debug/deps: serdes_ai_models-b7eb8b5fcee5b498.serdes_ai_models.e6fe19d2dbe7eef4-cgu.08.rcgu.o
Only in vendor/serdes-ai-models/target/debug/deps: serdes_ai_models-b7eb8b5fcee5b498.serdes_ai_models.e6fe19d2dbe7eef4-cgu.09.rcgu.o
Only in vendor/serdes-ai-models/target/debug/deps: serdes_ai_models-b7eb8b5fcee5b498.serdes_ai_models.e6fe19d2dbe7eef4-cgu.10.rcgu.o
Only in vendor/serdes-ai-models/target/debug/deps: serdes_ai_models-b7eb8b5fcee5b498.serdes_ai_models.e6fe19d2dbe7eef4-cgu.11.rcgu.o
Only in vendor/serdes-ai-models/target/debug/deps: serdes_ai_models-b7eb8b5fcee5b498.serdes_ai_models.e6fe19d2dbe7eef4-cgu.12.rcgu.o
Only in vendor/serdes-ai-models/target/debug/deps: serdes_ai_models-b7eb8b5fcee5b498.serdes_ai_models.e6fe19d2dbe7eef4-cgu.13.rcgu.o
Only in vendor/serdes-ai-models/target/debug/deps: serdes_ai_models-b7eb8b5fcee5b498.serdes_ai_models.e6fe19d2dbe7eef4-cgu.14.rcgu.o
Only in vendor/serdes-ai-models/target/debug/deps: serdes_ai_models-b7eb8b5fcee5b498.serdes_ai_models.e6fe19d2dbe7eef4-cgu.15.rcgu.o
Only in vendor/serdes-ai-models/target/debug/deps: serdes_ai_models-e9585023263c71a1.serdes_ai_models.be04072bc17de3d6-cgu.00.rcgu.o
Only in vendor/serdes-ai-models/target/debug/deps: serdes_ai_models-e9585023263c71a1.serdes_ai_models.be04072bc17de3d6-cgu.01.rcgu.o
Only in vendor/serdes-ai-models/target/debug/deps: serdes_ai_models-e9585023263c71a1.serdes_ai_models.be04072bc17de3d6-cgu.02.rcgu.o
Only in vendor/serdes-ai-models/target/debug/deps: serdes_ai_models-e9585023263c71a1.serdes_ai_models.be04072bc17de3d6-cgu.03.rcgu.o
Only in vendor/serdes-ai-models/target/debug/deps: serdes_ai_models-e9585023263c71a1.serdes_ai_models.be04072bc17de3d6-cgu.04.rcgu.o
Only in vendor/serdes-ai-models/target/debug/deps: serdes_ai_models-e9585023263c71a1.serdes_ai_models.be04072bc17de3d6-cgu.05.rcgu.o
Only in vendor/serdes-ai-models/target/debug/deps: serdes_ai_models-e9585023263c71a1.serdes_ai_models.be04072bc17de3d6-cgu.06.rcgu.o
Only in vendor/serdes-ai-models/target/debug/deps: serdes_ai_models-e9585023263c71a1.serdes_ai_models.be04072bc17de3d6-cgu.07.rcgu.o
Only in vendor/serdes-ai-models/target/debug/deps: serdes_ai_models-e9585023263c71a1.serdes_ai_models.be04072bc17de3d6-cgu.08.rcgu.o
Only in vendor/serdes-ai-models/target/debug/deps: serdes_ai_models-e9585023263c71a1.serdes_ai_models.be04072bc17de3d6-cgu.09.rcgu.o
Only in vendor/serdes-ai-models/target/debug/deps: serdes_ai_models-e9585023263c71a1.serdes_ai_models.be04072bc17de3d6-cgu.10.rcgu.o
Only in vendor/serdes-ai-models/target/debug/deps: serdes_ai_models-e9585023263c71a1.serdes_ai_models.be04072bc17de3d6-cgu.11.rcgu.o
Only in vendor/serdes-ai-models/target/debug/deps: serdes_ai_models-e9585023263c71a1.serdes_ai_models.be04072bc17de3d6-cgu.12.rcgu.o
Only in vendor/serdes-ai-models/target/debug/deps: serdes_ai_models-e9585023263c71a1.serdes_ai_models.be04072bc17de3d6-cgu.13.rcgu.o
Only in vendor/serdes-ai-models/target/debug/deps: serdes_ai_models-e9585023263c71a1.serdes_ai_models.be04072bc17de3d6-cgu.14.rcgu.o
Only in vendor/serdes-ai-models/target/debug/deps: serdes_ai_models-e9585023263c71a1.serdes_ai_models.be04072bc17de3d6-cgu.15.rcgu.o
Only in vendor/serdes-ai-models/target/debug/deps: serdes_ai_output-4ee3449b090cb6b7.serdes_ai_output.1117ddc3585c3e71-cgu.0.rcgu.o
Only in vendor/serdes-ai-models/target/debug/deps: serdes_ai_output-4ee3449b090cb6b7.serdes_ai_output.1117ddc3585c3e71-cgu.1.rcgu.o
Only in vendor/serdes-ai-models/target/debug/deps: serdes_ai_tools-591e6dae47209557.serdes_ai_tools.f09b294a57d0988b-cgu.0.rcgu.o
Only in vendor/serdes-ai-models/target/debug/deps: serdes_ai_tools-591e6dae47209557.serdes_ai_tools.f09b294a57d0988b-cgu.1.rcgu.o
Only in vendor/serdes-ai-models/target/debug/deps: serdes_ai_tools-591e6dae47209557.serdes_ai_tools.f09b294a57d0988b-cgu.2.rcgu.o
Only in vendor/serdes-ai-models/target/debug/deps: serdes_ai_tools-591e6dae47209557.serdes_ai_tools.f09b294a57d0988b-cgu.3.rcgu.o
Only in vendor/serdes-ai-models/target/debug/deps: serdes_ai_tools-591e6dae47209557.serdes_ai_tools.f09b294a57d0988b-cgu.4.rcgu.o
Only in vendor/serdes-ai-models/target/debug/deps: serdes_ai_tools-591e6dae47209557.serdes_ai_tools.f09b294a57d0988b-cgu.5.rcgu.o
Only in vendor/serdes-ai-models/target/debug/deps: serdes_ai_tools-591e6dae47209557.serdes_ai_tools.f09b294a57d0988b-cgu.6.rcgu.o
Only in vendor/serdes-ai-models/target/debug/deps: serdes_ai_tools-591e6dae47209557.serdes_ai_tools.f09b294a57d0988b-cgu.7.rcgu.o
Only in vendor/serdes-ai-models/target/debug/deps: serdes_ai_toolsets-54f14a25f88c3096.serdes_ai_toolsets.b55558f91da31562-cgu.0.rcgu.o
Only in vendor/serdes-ai-models/target/debug/deps: signal_hook_registry-3c146eafdf73e590.signal_hook_registry.349d2866d7bdbccd-cgu.0.rcgu.o
Only in vendor/serdes-ai-models/target/debug/deps: slab-35256d05aa8af191.slab.4d8a2b88e1fec2e7-cgu.0.rcgu.o
Only in vendor/serdes-ai-models/target/debug/deps: smallvec-3273cde8a37cc205.smallvec.d33fc491b7d0b2b2-cgu.0.rcgu.o
Only in vendor/serdes-ai-models/target/debug/deps: socket2-a0653e45d0debd8b.socket2.ab3c21eb7624ce98-cgu.0.rcgu.o
Only in vendor/serdes-ai-models/target/debug/deps: socket2-a0653e45d0debd8b.socket2.ab3c21eb7624ce98-cgu.1.rcgu.o
Only in vendor/serdes-ai-models/target/debug/deps: stable_deref_trait-8be854e8812732e1.stable_deref_trait.ae127059c065ba1c-cgu.0.rcgu.o
Only in vendor/serdes-ai-models/target/debug/deps: subtle-00666f39de402553.subtle.b017967885a146b1-cgu.0.rcgu.o
Only in vendor/serdes-ai-models/target/debug/deps: sync_wrapper-8549eefaa1c78495.sync_wrapper.10be3466cc7d0594-cgu.0.rcgu.o
Only in vendor/serdes-ai-models/target/debug/deps: termtree-d40ff6a9b8ae1033.termtree.5a3acf9ab71ba884-cgu.0.rcgu.o
Only in vendor/serdes-ai-models/target/debug/deps: thiserror-906297181b2cdcf9.thiserror.71bd4e791dced805-cgu.0.rcgu.o
Only in vendor/serdes-ai-models/target/debug/deps: tinystr-b99b4748f1da5f91.tinystr.9347367b28aeea2e-cgu.0.rcgu.o
Only in vendor/serdes-ai-models/target/debug/deps: tokio-b5323e7c8b966db6.tokio.e24e6201f6102c66-cgu.00.rcgu.o
Only in vendor/serdes-ai-models/target/debug/deps: tokio-b5323e7c8b966db6.tokio.e24e6201f6102c66-cgu.01.rcgu.o
Only in vendor/serdes-ai-models/target/debug/deps: tokio-b5323e7c8b966db6.tokio.e24e6201f6102c66-cgu.02.rcgu.o
Only in vendor/serdes-ai-models/target/debug/deps: tokio-b5323e7c8b966db6.tokio.e24e6201f6102c66-cgu.03.rcgu.o
Only in vendor/serdes-ai-models/target/debug/deps: tokio-b5323e7c8b966db6.tokio.e24e6201f6102c66-cgu.04.rcgu.o
Only in vendor/serdes-ai-models/target/debug/deps: tokio-b5323e7c8b966db6.tokio.e24e6201f6102c66-cgu.05.rcgu.o
Only in vendor/serdes-ai-models/target/debug/deps: tokio-b5323e7c8b966db6.tokio.e24e6201f6102c66-cgu.06.rcgu.o
Only in vendor/serdes-ai-models/target/debug/deps: tokio-b5323e7c8b966db6.tokio.e24e6201f6102c66-cgu.07.rcgu.o
Only in vendor/serdes-ai-models/target/debug/deps: tokio-b5323e7c8b966db6.tokio.e24e6201f6102c66-cgu.08.rcgu.o
Only in vendor/serdes-ai-models/target/debug/deps: tokio-b5323e7c8b966db6.tokio.e24e6201f6102c66-cgu.09.rcgu.o
Only in vendor/serdes-ai-models/target/debug/deps: tokio-b5323e7c8b966db6.tokio.e24e6201f6102c66-cgu.10.rcgu.o
Only in vendor/serdes-ai-models/target/debug/deps: tokio-b5323e7c8b966db6.tokio.e24e6201f6102c66-cgu.11.rcgu.o
Only in vendor/serdes-ai-models/target/debug/deps: tokio-b5323e7c8b966db6.tokio.e24e6201f6102c66-cgu.12.rcgu.o
Only in vendor/serdes-ai-models/target/debug/deps: tokio-b5323e7c8b966db6.tokio.e24e6201f6102c66-cgu.13.rcgu.o
Only in vendor/serdes-ai-models/target/debug/deps: tokio-b5323e7c8b966db6.tokio.e24e6201f6102c66-cgu.14.rcgu.o
Only in vendor/serdes-ai-models/target/debug/deps: tokio-b5323e7c8b966db6.tokio.e24e6201f6102c66-cgu.15.rcgu.o
Only in vendor/serdes-ai-models/target/debug/deps: tokio_rustls-dfecc9e15c836482.tokio_rustls.f12d265e4d58492f-cgu.0.rcgu.o
Only in vendor/serdes-ai-models/target/debug/deps: tokio_stream-2ca27fb0382c53e5.tokio_stream.fb8576c6394e697c-cgu.0.rcgu.o
Only in vendor/serdes-ai-models/target/debug/deps: tokio_test-2a6ea3edb07207e6.tokio_test.85c03a08c82f6930-cgu.0.rcgu.o
Only in vendor/serdes-ai-models/target/debug/deps: tokio_test-2a6ea3edb07207e6.tokio_test.85c03a08c82f6930-cgu.1.rcgu.o
Only in vendor/serdes-ai-models/target/debug/deps: tokio_util-ff268aea8992bd21.tokio_util.33ca0920308c0f77-cgu.0.rcgu.o
Only in vendor/serdes-ai-models/target/debug/deps: tokio_util-ff268aea8992bd21.tokio_util.33ca0920308c0f77-cgu.1.rcgu.o
Only in vendor/serdes-ai-models/target/debug/deps: tower-0c1f2c771131cb7c.tower.bcc6dac44f75bb4e-cgu.0.rcgu.o
Only in vendor/serdes-ai-models/target/debug/deps: tower_http-9e922957aa2b40db.tower_http.ab55e2fd154cf4d2-cgu.0.rcgu.o
Only in vendor/serdes-ai-models/target/debug/deps: tower_layer-60525c935857f972.tower_layer.b8eacc63e5dc3f41-cgu.0.rcgu.o
Only in vendor/serdes-ai-models/target/debug/deps: tower_service-7f41eb306fcc408a.tower_service.404579f1dae88e57-cgu.0.rcgu.o
Only in vendor/serdes-ai-models/target/debug/deps: tracing-303962bce396c0bc.tracing.36fd18a3dd649f44-cgu.0.rcgu.o
Only in vendor/serdes-ai-models/target/debug/deps: tracing_core-ea2af4d333127416.tracing_core.435079b568735ad6-cgu.0.rcgu.o
Only in vendor/serdes-ai-models/target/debug/deps: tracing_core-ea2af4d333127416.tracing_core.435079b568735ad6-cgu.1.rcgu.o
Only in vendor/serdes-ai-models/target/debug/deps: tracing_core-ea2af4d333127416.tracing_core.435079b568735ad6-cgu.2.rcgu.o
Only in vendor/serdes-ai-models/target/debug/deps: try_lock-8ca481baa00be8b1.try_lock.f46b63e5a8e1d194-cgu.0.rcgu.o
Only in vendor/serdes-ai-models/target/debug/deps: untrusted-4e24c59026e223f9.untrusted.c8a5b9c0ebc8ce38-cgu.0.rcgu.o
Only in vendor/serdes-ai-models/target/debug/deps: url-2c08f791e97361d9.url.276433e04e3c678c-cgu.0.rcgu.o
Only in vendor/serdes-ai-models/target/debug/deps: url-2c08f791e97361d9.url.276433e04e3c678c-cgu.1.rcgu.o
Only in vendor/serdes-ai-models/target/debug/deps: url-2c08f791e97361d9.url.276433e04e3c678c-cgu.2.rcgu.o
Only in vendor/serdes-ai-models/target/debug/deps: url-2c08f791e97361d9.url.276433e04e3c678c-cgu.3.rcgu.o
Only in vendor/serdes-ai-models/target/debug/deps: url-2c08f791e97361d9.url.276433e04e3c678c-cgu.4.rcgu.o
Only in vendor/serdes-ai-models/target/debug/deps: utf8_iter-0fb0fb1a7515565d.utf8_iter.c6367a3797a2e316-cgu.0.rcgu.o
Only in vendor/serdes-ai-models/target/debug/deps: uuid-726d7e8fd6427c18.uuid.d386d911190e19df-cgu.0.rcgu.o
Only in vendor/serdes-ai-models/target/debug/deps: uuid-726d7e8fd6427c18.uuid.d386d911190e19df-cgu.1.rcgu.o
Only in vendor/serdes-ai-models/target/debug/deps: want-23c907daa95da708.want.15288a6d9eea6bda-cgu.0.rcgu.o
Only in vendor/serdes-ai-models/target/debug/deps: webpki-c0b0ec55c4579fdc.webpki.5dd5a9ede3e1d6a0-cgu.0.rcgu.o
Only in vendor/serdes-ai-models/target/debug/deps: webpki-c0b0ec55c4579fdc.webpki.5dd5a9ede3e1d6a0-cgu.1.rcgu.o
Only in vendor/serdes-ai-models/target/debug/deps: webpki-c0b0ec55c4579fdc.webpki.5dd5a9ede3e1d6a0-cgu.2.rcgu.o
Only in vendor/serdes-ai-models/target/debug/deps: webpki-c0b0ec55c4579fdc.webpki.5dd5a9ede3e1d6a0-cgu.3.rcgu.o
Only in vendor/serdes-ai-models/target/debug/deps: webpki-c0b0ec55c4579fdc.webpki.5dd5a9ede3e1d6a0-cgu.4.rcgu.o
Only in vendor/serdes-ai-models/target/debug/deps: webpki-c0b0ec55c4579fdc.webpki.5dd5a9ede3e1d6a0-cgu.5.rcgu.o
Only in vendor/serdes-ai-models/target/debug/deps: webpki-c0b0ec55c4579fdc.webpki.5dd5a9ede3e1d6a0-cgu.6.rcgu.o
Only in vendor/serdes-ai-models/target/debug/deps: webpki-c0b0ec55c4579fdc.webpki.5dd5a9ede3e1d6a0-cgu.7.rcgu.o
Only in vendor/serdes-ai-models/target/debug/deps: webpki_roots-1ddb5c6660fa7a53.webpki_roots.f43a9f02da8827a2-cgu.0.rcgu.o
Only in vendor/serdes-ai-models/target/debug/deps: wiremock-d96d2191ff4bb790.wiremock.1c3ed9a309d34212-cgu.0.rcgu.o
Only in vendor/serdes-ai-models/target/debug/deps: wiremock-d96d2191ff4bb790.wiremock.1c3ed9a309d34212-cgu.1.rcgu.o
Only in vendor/serdes-ai-models/target/debug/deps: wiremock-d96d2191ff4bb790.wiremock.1c3ed9a309d34212-cgu.2.rcgu.o
Only in vendor/serdes-ai-models/target/debug/deps: wiremock-d96d2191ff4bb790.wiremock.1c3ed9a309d34212-cgu.3.rcgu.o
Only in vendor/serdes-ai-models/target/debug/deps: writeable-d1214f1d0f702709.writeable.7f2a36bd1d9d6d4e-cgu.0.rcgu.o
Only in vendor/serdes-ai-models/target/debug/deps: yoke-26b750d4c3b79fd5.yoke.d3d36313af6427fd-cgu.0.rcgu.o
Only in vendor/serdes-ai-models/target/debug/deps: zerofrom-c6741475c9e186e8.zerofrom.c22dd692a66e59c2-cgu.0.rcgu.o
Only in vendor/serdes-ai-models/target/debug/deps: zeroize-24bd8f00e3e86509.zeroize.6ac6724604edfdd2-cgu.0.rcgu.o
Only in vendor/serdes-ai-models/target/debug/deps: zerotrie-999c71a7714bcbb9.zerotrie.1acd5637cd780a2f-cgu.0.rcgu.o
Only in vendor/serdes-ai-models/target/debug/deps: zerovec-6c6fa402f61c9f79.zerovec.74f2eb1a0cae75b7-cgu.0.rcgu.o
Only in vendor/serdes-ai-models/target/debug/deps: zmij-9e60319a8c05d239.zmij.9713b3441865442b-cgu.0.rcgu.o
Only in vendor/serdes-ai-models/target/debug: examples
Only in vendor/serdes-ai-models/target/debug: incremental
Only in vendor/serdes-ai-responses/target/debug: .cargo-artifact-lock
Only in vendor/serdes-ai-responses/target/debug: .cargo-build-lock
Only in vendor/serdes-ai-responses/target/debug: .cargo-lock
Only in vendor/serdes-ai-responses/target/debug/.fingerprint/aho-corasick-762f880a72391671: dep-lib-aho_corasick
Only in vendor/serdes-ai-responses/target/debug/.fingerprint/aho-corasick-f2fe6143daa212d6: dep-lib-aho_corasick
Only in vendor/serdes-ai-responses/target/debug/.fingerprint/anyhow-457762dba6aa7c91: dep-build-script-build-script-build
Only in vendor/serdes-ai-responses/target/debug/.fingerprint/anyhow-db1f6a292fd18298: dep-lib-anyhow
Only in vendor/serdes-ai-responses/target/debug/.fingerprint/anyhow-f4e8eb0d28cf01bf: dep-lib-anyhow
Only in vendor/serdes-ai-responses/target/debug/.fingerprint/async-trait-232871378ee3ccc4: dep-lib-async_trait
Only in vendor/serdes-ai-responses/target/debug/.fingerprint/atomic-waker-730fcaf703bdb5ad: dep-lib-atomic_waker
Only in vendor/serdes-ai-responses/target/debug/.fingerprint/atomic-waker-e7b30d5fd68e4f81: dep-lib-atomic_waker
Only in vendor/serdes-ai-responses/target/debug/.fingerprint/autocfg-fd8152d35e082ae9: dep-lib-autocfg
Only in vendor/serdes-ai-responses/target/debug/.fingerprint/base64-8594b7e698eedd15: dep-lib-base64
Only in vendor/serdes-ai-responses/target/debug/.fingerprint/base64-b543fed2f0293468: dep-lib-base64
Only in vendor/serdes-ai-responses/target/debug/.fingerprint/bitflags-641fdc89d6018cbd: dep-lib-bitflags
Only in vendor/serdes-ai-responses/target/debug/.fingerprint/bitflags-6902d4bc9d909d32: dep-lib-bitflags
Only in vendor/serdes-ai-responses/target/debug/.fingerprint/block-buffer-8f3bb3602e73a924: dep-lib-block_buffer
Only in vendor/serdes-ai-responses/target/debug/.fingerprint/block-buffer-a6d16a503fc7f22d: dep-lib-block_buffer
Only in vendor/serdes-ai-responses/target/debug/.fingerprint/bytes-1f68b5b7cf16e6c8: dep-lib-bytes
Only in vendor/serdes-ai-responses/target/debug/.fingerprint/bytes-258f462c5e906be1: dep-lib-bytes
Only in vendor/serdes-ai-responses/target/debug/.fingerprint/cc-86a2cedfdae0e78e: dep-lib-cc
Only in vendor/serdes-ai-responses/target/debug/.fingerprint/cfg-if-42a0ba2ffcde8df6: dep-lib-cfg_if
Only in vendor/serdes-ai-responses/target/debug/.fingerprint/cfg-if-7e76abba0d4e7174: dep-lib-cfg_if
Only in vendor/serdes-ai-responses/target/debug/.fingerprint/chrono-522455f61bab033e: dep-lib-chrono
Only in vendor/serdes-ai-responses/target/debug/.fingerprint/chrono-c0a850af197d167c: dep-lib-chrono
Only in vendor/serdes-ai-responses/target/debug/.fingerprint/core-foundation-sys-4c5f7b4418cc0848: dep-lib-core_foundation_sys
Only in vendor/serdes-ai-responses/target/debug/.fingerprint/core-foundation-sys-9f897f2abcff6af8: dep-lib-core_foundation_sys
Only in vendor/serdes-ai-responses/target/debug/.fingerprint/cpufeatures-69a7725eadc8ff5b: dep-lib-cpufeatures
Only in vendor/serdes-ai-responses/target/debug/.fingerprint/cpufeatures-bb1b660650eecdb6: dep-lib-cpufeatures
Only in vendor/serdes-ai-responses/target/debug/.fingerprint/crypto-common-494093d98504d552: dep-lib-crypto_common
Only in vendor/serdes-ai-responses/target/debug/.fingerprint/crypto-common-77475d0d25734719: dep-lib-crypto_common
Only in vendor/serdes-ai-responses/target/debug/.fingerprint/darling-04c336ced7d3e5f4: dep-lib-darling
Only in vendor/serdes-ai-responses/target/debug/.fingerprint/darling_core-7e076df672c685c8: dep-lib-darling_core
Only in vendor/serdes-ai-responses/target/debug/.fingerprint/darling_macro-7be99d161522b68b: dep-lib-darling_macro
Only in vendor/serdes-ai-responses/target/debug/.fingerprint/data-encoding-40b2e4e77dcfb16a: dep-lib-data_encoding
Only in vendor/serdes-ai-responses/target/debug/.fingerprint/data-encoding-bcea177d58bcaba1: dep-lib-data_encoding
Only in vendor/serdes-ai-responses/target/debug/.fingerprint/derive_builder-4b84110f7d060333: dep-lib-derive_builder
Only in vendor/serdes-ai-responses/target/debug/.fingerprint/derive_builder-8758ad3d0ddce863: dep-lib-derive_builder
Only in vendor/serdes-ai-responses/target/debug/.fingerprint/derive_builder_core-8952419d5cb68a37: dep-lib-derive_builder_core
Only in vendor/serdes-ai-responses/target/debug/.fingerprint/derive_builder_macro-6fb7b4770f4f0d1d: dep-lib-derive_builder_macro
Only in vendor/serdes-ai-responses/target/debug/.fingerprint/digest-3f70f6c17b38d400: dep-lib-digest
Only in vendor/serdes-ai-responses/target/debug/.fingerprint/digest-bb9b198652a2aa35: dep-lib-digest
Only in vendor/serdes-ai-responses/target/debug/.fingerprint/displaydoc-f78674b3ce3dffd2: dep-lib-displaydoc
Only in vendor/serdes-ai-responses/target/debug/.fingerprint/equivalent-a1c9b9ad8df72bad: dep-lib-equivalent
Only in vendor/serdes-ai-responses/target/debug/.fingerprint/equivalent-e5d941760f049c88: dep-lib-equivalent
Only in vendor/serdes-ai-responses/target/debug/.fingerprint/errno-2cd017a80f6ccd0e: dep-lib-errno
Only in vendor/serdes-ai-responses/target/debug/.fingerprint/errno-3e571a9b01d234f1: dep-lib-errno
Only in vendor/serdes-ai-responses/target/debug/.fingerprint/find-msvc-tools-1fa91452166cce6e: dep-lib-find_msvc_tools
Only in vendor/serdes-ai-responses/target/debug/.fingerprint/fnv-635d2fa187af3e7e: dep-lib-fnv
Only in vendor/serdes-ai-responses/target/debug/.fingerprint/form_urlencoded-c53a09f4f78ea86c: dep-lib-form_urlencoded
Only in vendor/serdes-ai-responses/target/debug/.fingerprint/form_urlencoded-cb93686a35562df8: dep-lib-form_urlencoded
Only in vendor/serdes-ai-responses/target/debug/.fingerprint/futures-77284b9e98272f31: dep-lib-futures
Only in vendor/serdes-ai-responses/target/debug/.fingerprint/futures-c42bbeb1b4943072: dep-lib-futures
Only in vendor/serdes-ai-responses/target/debug/.fingerprint/futures-channel-0bd59a7cd540b452: dep-lib-futures_channel
Only in vendor/serdes-ai-responses/target/debug/.fingerprint/futures-channel-d86f4ef87eb3df03: dep-lib-futures_channel
Only in vendor/serdes-ai-responses/target/debug/.fingerprint/futures-core-02bdf1fc06ab253c: dep-lib-futures_core
Only in vendor/serdes-ai-responses/target/debug/.fingerprint/futures-core-eb34df332aa694e8: dep-lib-futures_core
Only in vendor/serdes-ai-responses/target/debug/.fingerprint/futures-executor-5d40da559864da40: dep-lib-futures_executor
Only in vendor/serdes-ai-responses/target/debug/.fingerprint/futures-executor-7ac56ea1ebad1012: dep-lib-futures_executor
Only in vendor/serdes-ai-responses/target/debug/.fingerprint/futures-io-a347b19b85d81aa5: dep-lib-futures_io
Only in vendor/serdes-ai-responses/target/debug/.fingerprint/futures-io-f7c4dc348df6edba: dep-lib-futures_io
Only in vendor/serdes-ai-responses/target/debug/.fingerprint/futures-macro-d8f88ff7f5cce88f: dep-lib-futures_macro
Only in vendor/serdes-ai-responses/target/debug/.fingerprint/futures-sink-0090ee5c79ce14ae: dep-lib-futures_sink
Only in vendor/serdes-ai-responses/target/debug/.fingerprint/futures-sink-6a14d358df2f34be: dep-lib-futures_sink
Only in vendor/serdes-ai-responses/target/debug/.fingerprint/futures-task-08b15530f4aec940: dep-lib-futures_task
Only in vendor/serdes-ai-responses/target/debug/.fingerprint/futures-task-22b87e9c63c947a4: dep-lib-futures_task
Only in vendor/serdes-ai-responses/target/debug/.fingerprint/futures-util-792ad2183f71455d: dep-lib-futures_util
Only in vendor/serdes-ai-responses/target/debug/.fingerprint/futures-util-d1c6b41b53caa001: dep-lib-futures_util
Only in vendor/serdes-ai-responses/target/debug/.fingerprint/generic-array-037b4a88b224db8f: dep-lib-generic_array
Only in vendor/serdes-ai-responses/target/debug/.fingerprint/generic-array-be7d0a38638d306f: dep-build-script-build-script-build
Only in vendor/serdes-ai-responses/target/debug/.fingerprint/generic-array-d3f0bcb72e2c9b19: dep-lib-generic_array
Only in vendor/serdes-ai-responses/target/debug/.fingerprint/getrandom-256ca5a8b74407f2: dep-lib-getrandom
Only in vendor/serdes-ai-responses/target/debug/.fingerprint/getrandom-334d457c222e5912: dep-lib-getrandom
Only in vendor/serdes-ai-responses/target/debug/.fingerprint/getrandom-6758296f7ad82036: dep-build-script-build-script-build
Only in vendor/serdes-ai-responses/target/debug/.fingerprint/getrandom-6fc28466cb88f44a: dep-lib-getrandom
Only in vendor/serdes-ai-responses/target/debug/.fingerprint/getrandom-7f72602628871996: dep-lib-getrandom
Only in vendor/serdes-ai-responses/target/debug/.fingerprint/getrandom-9667cf1d02b8f674: dep-lib-getrandom
Only in vendor/serdes-ai-responses/target/debug/.fingerprint/getrandom-bdbe249ef74c8f27: dep-lib-getrandom
Only in vendor/serdes-ai-responses/target/debug/.fingerprint/getrandom-cce4f1f9b536c351: dep-build-script-build-script-build
Only in vendor/serdes-ai-responses/target/debug/.fingerprint/hashbrown-71bb581e8a0bed5c: dep-lib-hashbrown
Only in vendor/serdes-ai-responses/target/debug/.fingerprint/hashbrown-926053de0784eba0: dep-lib-hashbrown
Only in vendor/serdes-ai-responses/target/debug/.fingerprint/http-6f645bb1b9f999fe: dep-lib-http
Only in vendor/serdes-ai-responses/target/debug/.fingerprint/http-body-15944d5a62cbd2dd: dep-lib-http_body
Only in vendor/serdes-ai-responses/target/debug/.fingerprint/http-body-c8870559cc8b1c4e: dep-lib-http_body
Only in vendor/serdes-ai-responses/target/debug/.fingerprint/http-body-util-d2432598754689bc: dep-lib-http_body_util
Only in vendor/serdes-ai-responses/target/debug/.fingerprint/http-body-util-e8bee2825ec5fc39: dep-lib-http_body_util
Only in vendor/serdes-ai-responses/target/debug/.fingerprint/http-c67dd3d820a67244: dep-lib-http
Only in vendor/serdes-ai-responses/target/debug/.fingerprint/httparse-4678cd816aada1bd: dep-lib-httparse
Only in vendor/serdes-ai-responses/target/debug/.fingerprint/httparse-d9b1ad2e0c3b3d8d: dep-build-script-build-script-build
Only in vendor/serdes-ai-responses/target/debug/.fingerprint/httparse-ebecb9e51e26ee2e: dep-lib-httparse
Only in vendor/serdes-ai-responses/target/debug/.fingerprint/hyper-08e9357abfbb39c5: dep-lib-hyper
Only in vendor/serdes-ai-responses/target/debug/.fingerprint/hyper-88552532d45be17c: dep-lib-hyper
Only in vendor/serdes-ai-responses/target/debug/.fingerprint/hyper-rustls-e3cd2fa0ab90bf72: dep-lib-hyper_rustls
Only in vendor/serdes-ai-responses/target/debug/.fingerprint/hyper-rustls-ff91ba05de661336: dep-lib-hyper_rustls
Only in vendor/serdes-ai-responses/target/debug/.fingerprint/hyper-util-1793875592998051: dep-lib-hyper_util
Only in vendor/serdes-ai-responses/target/debug/.fingerprint/hyper-util-218419721aefb8c2: dep-lib-hyper_util
Only in vendor/serdes-ai-responses/target/debug/.fingerprint/iana-time-zone-107204a71cdd296d: dep-lib-iana_time_zone
Only in vendor/serdes-ai-responses/target/debug/.fingerprint/iana-time-zone-3f8159f1b3df595d: dep-lib-iana_time_zone
Only in vendor/serdes-ai-responses/target/debug/.fingerprint/icu_collections-3a0d3397c02b8c3f: dep-lib-icu_collections
Only in vendor/serdes-ai-responses/target/debug/.fingerprint/icu_collections-3d61f9550eadc73f: dep-lib-icu_collections
Only in vendor/serdes-ai-responses/target/debug/.fingerprint/icu_locale_core-294db36d8550f396: dep-lib-icu_locale_core
Only in vendor/serdes-ai-responses/target/debug/.fingerprint/icu_locale_core-78592c378985d741: dep-lib-icu_locale_core
Only in vendor/serdes-ai-responses/target/debug/.fingerprint/icu_normalizer-1a78cc245e0d3f3a: dep-lib-icu_normalizer
Only in vendor/serdes-ai-responses/target/debug/.fingerprint/icu_normalizer-278e0ca92335e27e: dep-lib-icu_normalizer
Only in vendor/serdes-ai-responses/target/debug/.fingerprint/icu_normalizer_data-1e39fcf364342d30: dep-lib-icu_normalizer_data
Only in vendor/serdes-ai-responses/target/debug/.fingerprint/icu_normalizer_data-2756fb279c1259e0: dep-lib-icu_normalizer_data
Only in vendor/serdes-ai-responses/target/debug/.fingerprint/icu_normalizer_data-993178ebf1ead50c: dep-build-script-build-script-build
Only in vendor/serdes-ai-responses/target/debug/.fingerprint/icu_properties-17d7a81ab343545c: dep-lib-icu_properties
Only in vendor/serdes-ai-responses/target/debug/.fingerprint/icu_properties-a7b1b99fe4ee9e08: dep-lib-icu_properties
Only in vendor/serdes-ai-responses/target/debug/.fingerprint/icu_properties_data-905ede205363a536: dep-lib-icu_properties_data
Only in vendor/serdes-ai-responses/target/debug/.fingerprint/icu_properties_data-d4e8c5e65329ada8: dep-lib-icu_properties_data
Only in vendor/serdes-ai-responses/target/debug/.fingerprint/icu_properties_data-ff64581ce8ed489f: dep-build-script-build-script-build
Only in vendor/serdes-ai-responses/target/debug/.fingerprint/icu_provider-acd8a1c249ec7286: dep-lib-icu_provider
Only in vendor/serdes-ai-responses/target/debug/.fingerprint/icu_provider-b331bbd8f0d60cb8: dep-lib-icu_provider
Only in vendor/serdes-ai-responses/target/debug/.fingerprint/ident_case-acda4b75fe6d909d: dep-lib-ident_case
Only in vendor/serdes-ai-responses/target/debug/.fingerprint/idna-967471dbb4012292: dep-lib-idna
Only in vendor/serdes-ai-responses/target/debug/.fingerprint/idna-992ea5329e98e88b: dep-lib-idna
Only in vendor/serdes-ai-responses/target/debug/.fingerprint/idna_adapter-8a8df18615940807: dep-lib-idna_adapter
Only in vendor/serdes-ai-responses/target/debug/.fingerprint/idna_adapter-9aa5824fe1fc21cf: dep-lib-idna_adapter
Only in vendor/serdes-ai-responses/target/debug/.fingerprint/indexmap-51b6a62a2856dc8d: dep-lib-indexmap
Only in vendor/serdes-ai-responses/target/debug/.fingerprint/indexmap-a90540b550aa21b7: dep-lib-indexmap
Only in vendor/serdes-ai-responses/target/debug/.fingerprint/ipnet-33aa2a00bb81a293: dep-lib-ipnet
Only in vendor/serdes-ai-responses/target/debug/.fingerprint/ipnet-d8c88339a57a9c08: dep-lib-ipnet
Only in vendor/serdes-ai-responses/target/debug/.fingerprint/itoa-b44586fc39d2b7cf: dep-lib-itoa
Only in vendor/serdes-ai-responses/target/debug/.fingerprint/itoa-f248e7d748716cf6: dep-lib-itoa
Only in vendor/serdes-ai-responses/target/debug/.fingerprint/libc-0f790310bbe32b30: dep-lib-libc
Only in vendor/serdes-ai-responses/target/debug/.fingerprint/libc-da699a7c684b32f6: dep-build-script-build-script-build
Only in vendor/serdes-ai-responses/target/debug/.fingerprint/libc-daad9fe4d12f6b51: dep-lib-libc
Only in vendor/serdes-ai-responses/target/debug/.fingerprint/litemap-2a12e54573cbfaf7: dep-lib-litemap
Only in vendor/serdes-ai-responses/target/debug/.fingerprint/litemap-9a9d0a8ccdc59e61: dep-lib-litemap
Only in vendor/serdes-ai-responses/target/debug/.fingerprint/lock_api-68826fa7a131327c: dep-lib-lock_api
Only in vendor/serdes-ai-responses/target/debug/.fingerprint/lock_api-7a37a38473fcc259: dep-lib-lock_api
Only in vendor/serdes-ai-responses/target/debug/.fingerprint/log-219f04f16aa7a1c5: dep-lib-log
Only in vendor/serdes-ai-responses/target/debug/.fingerprint/log-d6c6eae963f555e6: dep-lib-log
Only in vendor/serdes-ai-responses/target/debug/.fingerprint/memchr-0ed01910f16c2174: dep-lib-memchr
Only in vendor/serdes-ai-responses/target/debug/.fingerprint/memchr-33d9faf5a30a66f8: dep-lib-memchr
Only in vendor/serdes-ai-responses/target/debug/.fingerprint/mime-6fbc9c52b3259347: dep-lib-mime
Only in vendor/serdes-ai-responses/target/debug/.fingerprint/mime-7ac5e95a93116c21: dep-lib-mime
Only in vendor/serdes-ai-responses/target/debug/.fingerprint/mio-a54a32426acbb890: dep-lib-mio
Only in vendor/serdes-ai-responses/target/debug/.fingerprint/mio-c6936028f050e39f: dep-lib-mio
Only in vendor/serdes-ai-responses/target/debug/.fingerprint/num-traits-11f77835ec61b7d2: dep-build-script-build-script-build
Only in vendor/serdes-ai-responses/target/debug/.fingerprint/num-traits-38a921fc078c9805: dep-lib-num_traits
Only in vendor/serdes-ai-responses/target/debug/.fingerprint/num-traits-c8ae48ccc9fb41ae: dep-lib-num_traits
Only in vendor/serdes-ai-responses/target/debug/.fingerprint/once_cell-3fea0d697183d2e7: dep-lib-once_cell
Only in vendor/serdes-ai-responses/target/debug/.fingerprint/once_cell-716c43cced633c62: dep-lib-once_cell
Only in vendor/serdes-ai-responses/target/debug/.fingerprint/parking_lot-bbe3201335094228: dep-lib-parking_lot
Only in vendor/serdes-ai-responses/target/debug/.fingerprint/parking_lot-e708772dea73b7f8: dep-lib-parking_lot
Only in vendor/serdes-ai-responses/target/debug/.fingerprint/parking_lot_core-0afe44e7005191fa: dep-build-script-build-script-build
Only in vendor/serdes-ai-responses/target/debug/.fingerprint/parking_lot_core-b89813148995c67b: dep-lib-parking_lot_core
Only in vendor/serdes-ai-responses/target/debug/.fingerprint/parking_lot_core-d8eb36142cefa5e3: dep-lib-parking_lot_core
Only in vendor/serdes-ai-responses/target/debug/.fingerprint/percent-encoding-283ec43be665d3bc: dep-lib-percent_encoding
Only in vendor/serdes-ai-responses/target/debug/.fingerprint/percent-encoding-76226f1a5c7d4040: dep-lib-percent_encoding
Only in vendor/serdes-ai-responses/target/debug/.fingerprint/pin-project-lite-586ef38be16ef8c8: dep-lib-pin_project_lite
Only in vendor/serdes-ai-responses/target/debug/.fingerprint/pin-project-lite-e638a9f60b0db172: dep-lib-pin_project_lite
Only in vendor/serdes-ai-responses/target/debug/.fingerprint/potential_utf-64d87ba5601471d2: dep-lib-potential_utf
Only in vendor/serdes-ai-responses/target/debug/.fingerprint/potential_utf-ef2191239b4c17fa: dep-lib-potential_utf
Only in vendor/serdes-ai-responses/target/debug/.fingerprint/ppv-lite86-16017c497d3d0282: dep-lib-ppv_lite86
Only in vendor/serdes-ai-responses/target/debug/.fingerprint/ppv-lite86-ad0636344145cf4d: dep-lib-ppv_lite86
Only in vendor/serdes-ai-responses/target/debug/.fingerprint/proc-macro2-036fdaae11521616: dep-lib-proc_macro2
Only in vendor/serdes-ai-responses/target/debug/.fingerprint/proc-macro2-a9a867ab9beed054: dep-build-script-build-script-build
Only in vendor/serdes-ai-responses/target/debug/.fingerprint/quote-54b6e7941a59e2dc: dep-lib-quote
Only in vendor/serdes-ai-responses/target/debug/.fingerprint/quote-e9b907310740fafc: dep-build-script-build-script-build
Only in vendor/serdes-ai-responses/target/debug/.fingerprint/rand-74d1dd827ba0efa3: dep-lib-rand
Only in vendor/serdes-ai-responses/target/debug/.fingerprint/rand-aeb03bcb1b41c010: dep-lib-rand
Only in vendor/serdes-ai-responses/target/debug/.fingerprint/rand_chacha-012766186e01b1cf: dep-lib-rand_chacha
Only in vendor/serdes-ai-responses/target/debug/.fingerprint/rand_chacha-7e222f6072b143f7: dep-lib-rand_chacha
Only in vendor/serdes-ai-responses/target/debug/.fingerprint/rand_core-6938dfe0585e0a9a: dep-lib-rand_core
Only in vendor/serdes-ai-responses/target/debug/.fingerprint/rand_core-c0aa2fd745d772c5: dep-lib-rand_core
Only in vendor/serdes-ai-responses/target/debug/.fingerprint/regex-45d893ebf522c6c1: dep-lib-regex
Only in vendor/serdes-ai-responses/target/debug/.fingerprint/regex-ae55c2b25ceee599: dep-lib-regex
Only in vendor/serdes-ai-responses/target/debug/.fingerprint/regex-automata-0484a59d8327327b: dep-lib-regex_automata
Only in vendor/serdes-ai-responses/target/debug/.fingerprint/regex-automata-e8d92f35a06b4b82: dep-lib-regex_automata
Only in vendor/serdes-ai-responses/target/debug/.fingerprint/regex-syntax-99ea0c79c90605ae: dep-lib-regex_syntax
Only in vendor/serdes-ai-responses/target/debug/.fingerprint/regex-syntax-d1107f5217faf9f6: dep-lib-regex_syntax
Only in vendor/serdes-ai-responses/target/debug/.fingerprint/reqwest-7228756012a62a86: dep-lib-reqwest
Only in vendor/serdes-ai-responses/target/debug/.fingerprint/reqwest-772f0551c4885e2f: dep-lib-reqwest
Only in vendor/serdes-ai-responses/target/debug/.fingerprint/ring-936c617359ab1abb: dep-build-script-build-script-build
Only in vendor/serdes-ai-responses/target/debug/.fingerprint/ring-d8d77181661f7976: dep-lib-ring
Only in vendor/serdes-ai-responses/target/debug/.fingerprint/ring-e12885935d0f7a94: dep-lib-ring
Only in vendor/serdes-ai-responses/target/debug/.fingerprint/rustls-5fb03e8325a7c356: dep-build-script-build-script-build
Only in vendor/serdes-ai-responses/target/debug/.fingerprint/rustls-e002fc44c3e7d150: dep-lib-rustls
Only in vendor/serdes-ai-responses/target/debug/.fingerprint/rustls-f2485ce22736a1e7: dep-lib-rustls
Only in vendor/serdes-ai-responses/target/debug/.fingerprint/rustls-pki-types-6b812368af3cf5a5: dep-lib-rustls_pki_types
Only in vendor/serdes-ai-responses/target/debug/.fingerprint/rustls-pki-types-eb68bdb68f12ebc5: dep-lib-rustls_pki_types
Only in vendor/serdes-ai-responses/target/debug/.fingerprint/rustls-webpki-22a12c0739e68993: dep-lib-webpki
Only in vendor/serdes-ai-responses/target/debug/.fingerprint/rustls-webpki-c0b0ec55c4579fdc: dep-lib-webpki
Only in vendor/serdes-ai-responses/target/debug/.fingerprint/ryu-39719d9a85ab13ca: dep-lib-ryu
Only in vendor/serdes-ai-responses/target/debug/.fingerprint/ryu-df2e317c575e93a4: dep-lib-ryu
Only in vendor/serdes-ai-responses/target/debug/.fingerprint/scopeguard-03f093378f853884: dep-lib-scopeguard
Only in vendor/serdes-ai-responses/target/debug/.fingerprint/scopeguard-c7d78ba8fcbcef17: dep-lib-scopeguard
Only in vendor/serdes-ai-responses/target/debug/.fingerprint/serde-493c7ba43ab5a5a0: dep-lib-serde
Only in vendor/serdes-ai-responses/target/debug/.fingerprint/serde-58608e64841e7d58: dep-lib-serde
Only in vendor/serdes-ai-responses/target/debug/.fingerprint/serde-b7a6eb3f33dd115e: dep-build-script-build-script-build
Only in vendor/serdes-ai-responses/target/debug/.fingerprint/serde_core-145e1b7ad71cc600: dep-build-script-build-script-build
Only in vendor/serdes-ai-responses/target/debug/.fingerprint/serde_core-32b5861d68088a5e: dep-lib-serde_core
Only in vendor/serdes-ai-responses/target/debug/.fingerprint/serde_core-63e1c29ebeb9d8a5: dep-lib-serde_core
Only in vendor/serdes-ai-responses/target/debug/.fingerprint/serde_derive-8582f39ea2e607ab: dep-lib-serde_derive
Only in vendor/serdes-ai-responses/target/debug/.fingerprint/serde_json-515eccc9f7e72488: dep-build-script-build-script-build
Only in vendor/serdes-ai-responses/target/debug/.fingerprint/serde_json-7c614816fe7e642c: dep-lib-serde_json
Only in vendor/serdes-ai-responses/target/debug/.fingerprint/serde_json-e42769291c2ad551: dep-lib-serde_json
Only in vendor/serdes-ai-responses/target/debug/.fingerprint/serde_urlencoded-9918dbf66aece15e: dep-lib-serde_urlencoded
Only in vendor/serdes-ai-responses/target/debug/.fingerprint/serde_urlencoded-d60952d64b7f799e: dep-lib-serde_urlencoded
Only in vendor/serdes-ai-responses/target/debug/.fingerprint/serdes-ai-core-5a0e3f564b4cfc36: dep-lib-serdes_ai_core
Only in vendor/serdes-ai-responses/target/debug/.fingerprint/serdes-ai-core-6889d40dc7d0a222: dep-lib-serdes_ai_core
Only in vendor/serdes-ai-responses/target/debug/.fingerprint/serdes-ai-macros-60987b3d211c9d29: dep-lib-serdes_ai_macros
Only in vendor/serdes-ai-responses/target/debug/.fingerprint/serdes-ai-models-9b8d1a0476bf8e8d: dep-lib-serdes_ai_models
Only in vendor/serdes-ai-responses/target/debug/.fingerprint/serdes-ai-models-e5b8493a19456bde: dep-lib-serdes_ai_models
Only in vendor/serdes-ai-responses/target/debug/.fingerprint/serdes-ai-output-01ff8327df92144e: dep-lib-serdes_ai_output
Only in vendor/serdes-ai-responses/target/debug/.fingerprint/serdes-ai-output-8c6f0e3b720529fb: dep-lib-serdes_ai_output
Only in vendor/serdes-ai-responses/target/debug/.fingerprint/serdes-ai-responses-0b127f7f8280d5bb: dep-test-lib-serdes_ai_responses
Only in vendor/serdes-ai-responses/target/debug/.fingerprint/serdes-ai-responses-4eb3e33908915e59: dep-lib-serdes_ai_responses
Only in vendor/serdes-ai-responses/target/debug/.fingerprint/serdes-ai-responses-582e50572f30c3e8: dep-test-lib-serdes_ai_responses
Only in vendor/serdes-ai-responses/target/debug/.fingerprint/serdes-ai-responses-70f607ee571858ac: dep-lib-serdes_ai_responses
Only in vendor/serdes-ai-responses/target/debug/.fingerprint/serdes-ai-responses-8f50158756b98e51: dep-test-integration-test-client_ws
Only in vendor/serdes-ai-responses/target/debug/.fingerprint/serdes-ai-responses-d9329119ac13734d: dep-test-integration-test-client_ws
Only in vendor/serdes-ai-responses/target/debug/.fingerprint/serdes-ai-streaming-b094eff459814f16: dep-lib-serdes_ai_streaming
Only in vendor/serdes-ai-responses/target/debug/.fingerprint/serdes-ai-streaming-de6293d9811a5406: dep-lib-serdes_ai_streaming
Only in vendor/serdes-ai-responses/target/debug/.fingerprint/serdes-ai-tools-afc10a94f2a94c33: dep-lib-serdes_ai_tools
Only in vendor/serdes-ai-responses/target/debug/.fingerprint/serdes-ai-tools-f76346318e9921c9: dep-lib-serdes_ai_tools
Only in vendor/serdes-ai-responses/target/debug/.fingerprint/serdes-ai-toolsets-3379dd93f15e0598: dep-lib-serdes_ai_toolsets
Only in vendor/serdes-ai-responses/target/debug/.fingerprint/serdes-ai-toolsets-e698cab6b5bab5ff: dep-lib-serdes_ai_toolsets
Only in vendor/serdes-ai-responses/target/debug/.fingerprint/sha1-281241045cb4f115: dep-lib-sha1
Only in vendor/serdes-ai-responses/target/debug/.fingerprint/sha1-b09257ca7d7e6846: dep-lib-sha1
Only in vendor/serdes-ai-responses/target/debug/.fingerprint/shlex-5240bc2566ac9ef9: dep-lib-shlex
Only in vendor/serdes-ai-responses/target/debug/.fingerprint/signal-hook-registry-3c146eafdf73e590: dep-lib-signal_hook_registry
Only in vendor/serdes-ai-responses/target/debug/.fingerprint/signal-hook-registry-561ce9c6838cc4a8: dep-lib-signal_hook_registry
Only in vendor/serdes-ai-responses/target/debug/.fingerprint/slab-7cf4941a614a0c57: dep-lib-slab
Only in vendor/serdes-ai-responses/target/debug/.fingerprint/slab-bf488be6fc1960f0: dep-lib-slab
Only in vendor/serdes-ai-responses/target/debug/.fingerprint/smallvec-3273cde8a37cc205: dep-lib-smallvec
Only in vendor/serdes-ai-responses/target/debug/.fingerprint/smallvec-5a083560b132cd2d: dep-lib-smallvec
Only in vendor/serdes-ai-responses/target/debug/.fingerprint/socket2-4cd51669deea6a85: dep-lib-socket2
Only in vendor/serdes-ai-responses/target/debug/.fingerprint/socket2-a0653e45d0debd8b: dep-lib-socket2
Only in vendor/serdes-ai-responses/target/debug/.fingerprint/stable_deref_trait-26884c7323890b3b: dep-lib-stable_deref_trait
Only in vendor/serdes-ai-responses/target/debug/.fingerprint/stable_deref_trait-8be854e8812732e1: dep-lib-stable_deref_trait
Only in vendor/serdes-ai-responses/target/debug/.fingerprint/strsim-0e4fe4b06f384094: dep-lib-strsim
Only in vendor/serdes-ai-responses/target/debug/.fingerprint/subtle-00666f39de402553: dep-lib-subtle
Only in vendor/serdes-ai-responses/target/debug/.fingerprint/subtle-f3b19532e8b070c4: dep-lib-subtle
Only in vendor/serdes-ai-responses/target/debug/.fingerprint/syn-5dd34e8ddf880085: dep-lib-syn
Only in vendor/serdes-ai-responses/target/debug/.fingerprint/syn-917c9107b1cc443d: dep-lib-syn
Only in vendor/serdes-ai-responses/target/debug/.fingerprint/sync_wrapper-386e3e7612a8d144: dep-lib-sync_wrapper
Only in vendor/serdes-ai-responses/target/debug/.fingerprint/sync_wrapper-8549eefaa1c78495: dep-lib-sync_wrapper
Only in vendor/serdes-ai-responses/target/debug/.fingerprint/synstructure-53a97ead95820422: dep-lib-synstructure
Only in vendor/serdes-ai-responses/target/debug/.fingerprint/thiserror-00244796d331d047: dep-build-script-build-script-build
Only in vendor/serdes-ai-responses/target/debug/.fingerprint/thiserror-11c424dfcd10c981: dep-lib-thiserror
Only in vendor/serdes-ai-responses/target/debug/.fingerprint/thiserror-129bb58dee276d98: dep-build-script-build-script-build
Only in vendor/serdes-ai-responses/target/debug/.fingerprint/thiserror-25631649e525af84: dep-lib-thiserror
Only in vendor/serdes-ai-responses/target/debug/.fingerprint/thiserror-36a249c9750efaf1: dep-lib-thiserror
Only in vendor/serdes-ai-responses/target/debug/.fingerprint/thiserror-906297181b2cdcf9: dep-lib-thiserror
Only in vendor/serdes-ai-responses/target/debug/.fingerprint/thiserror-impl-b4eaf5450e3933f3: dep-lib-thiserror_impl
Only in vendor/serdes-ai-responses/target/debug/.fingerprint/thiserror-impl-db464e273dcf62fc: dep-lib-thiserror_impl
Only in vendor/serdes-ai-responses/target/debug/.fingerprint/tinystr-b641cb6c1c78f306: dep-lib-tinystr
Only in vendor/serdes-ai-responses/target/debug/.fingerprint/tinystr-b99b4748f1da5f91: dep-lib-tinystr
Only in vendor/serdes-ai-responses/target/debug/.fingerprint/tokio-75a980e63d27a0c3: dep-lib-tokio
Only in vendor/serdes-ai-responses/target/debug/.fingerprint/tokio-cf0f5d74e6ed8c04: dep-lib-tokio
Only in vendor/serdes-ai-responses/target/debug/.fingerprint/tokio-macros-6350068c7b31601e: dep-lib-tokio_macros
Only in vendor/serdes-ai-responses/target/debug/.fingerprint/tokio-rustls-107da5e1b8d49aac: dep-lib-tokio_rustls
Only in vendor/serdes-ai-responses/target/debug/.fingerprint/tokio-rustls-471fa8b653675b23: dep-lib-tokio_rustls
Only in vendor/serdes-ai-responses/target/debug/.fingerprint/tokio-stream-cc5d3cfe98bc394d: dep-lib-tokio_stream
Only in vendor/serdes-ai-responses/target/debug/.fingerprint/tokio-stream-e9bc53eac9aeb737: dep-lib-tokio_stream
Only in vendor/serdes-ai-responses/target/debug/.fingerprint/tokio-tungstenite-9adcb0214b1af66f: dep-lib-tokio_tungstenite
Only in vendor/serdes-ai-responses/target/debug/.fingerprint/tokio-tungstenite-eae6c0637973d892: dep-lib-tokio_tungstenite
Only in vendor/serdes-ai-responses/target/debug/.fingerprint/tokio-util-757add0079e8542c: dep-lib-tokio_util
Only in vendor/serdes-ai-responses/target/debug/.fingerprint/tokio-util-97450e7ca5d9d482: dep-lib-tokio_util
Only in vendor/serdes-ai-responses/target/debug/.fingerprint/tower-8e5f19dd19c8651e: dep-lib-tower
Only in vendor/serdes-ai-responses/target/debug/.fingerprint/tower-d5800391b7d1f886: dep-lib-tower
Only in vendor/serdes-ai-responses/target/debug/.fingerprint/tower-http-93a4876ea7cc2970: dep-lib-tower_http
Only in vendor/serdes-ai-responses/target/debug/.fingerprint/tower-http-ad4dbd731f6628f3: dep-lib-tower_http
Only in vendor/serdes-ai-responses/target/debug/.fingerprint/tower-layer-60525c935857f972: dep-lib-tower_layer
Only in vendor/serdes-ai-responses/target/debug/.fingerprint/tower-layer-a70990afb6cf9a12: dep-lib-tower_layer
Only in vendor/serdes-ai-responses/target/debug/.fingerprint/tower-service-3e874b44b1de8bae: dep-lib-tower_service
Only in vendor/serdes-ai-responses/target/debug/.fingerprint/tower-service-7f41eb306fcc408a: dep-lib-tower_service
Only in vendor/serdes-ai-responses/target/debug/.fingerprint/tracing-04c8cf0348e2b3f5: dep-lib-tracing
Only in vendor/serdes-ai-responses/target/debug/.fingerprint/tracing-303962bce396c0bc: dep-lib-tracing
Only in vendor/serdes-ai-responses/target/debug/.fingerprint/tracing-attributes-b8ac1222d4360abe: dep-lib-tracing_attributes
Only in vendor/serdes-ai-responses/target/debug/.fingerprint/tracing-core-346b007a9c3b031d: dep-lib-tracing_core
Only in vendor/serdes-ai-responses/target/debug/.fingerprint/tracing-core-ea2af4d333127416: dep-lib-tracing_core
Only in vendor/serdes-ai-responses/target/debug/.fingerprint/try-lock-8ca481baa00be8b1: dep-lib-try_lock
Only in vendor/serdes-ai-responses/target/debug/.fingerprint/try-lock-c63e7b41a931d74d: dep-lib-try_lock
Only in vendor/serdes-ai-responses/target/debug/.fingerprint/tungstenite-2881a785a3c31280: dep-lib-tungstenite
Only in vendor/serdes-ai-responses/target/debug/.fingerprint/tungstenite-41622d73ff4c903a: dep-lib-tungstenite
Only in vendor/serdes-ai-responses/target/debug/.fingerprint/typenum-3b949ab50077a36b: dep-lib-typenum
Only in vendor/serdes-ai-responses/target/debug/.fingerprint/typenum-badbe8f99efaa426: dep-lib-typenum
Only in vendor/serdes-ai-responses/target/debug/.fingerprint/unicode-ident-fec03648d3ee7fd4: dep-lib-unicode_ident
Only in vendor/serdes-ai-responses/target/debug/.fingerprint/untrusted-4e24c59026e223f9: dep-lib-untrusted
Only in vendor/serdes-ai-responses/target/debug/.fingerprint/untrusted-d62c3ed937b63582: dep-lib-untrusted
Only in vendor/serdes-ai-responses/target/debug/.fingerprint/url-2c08f791e97361d9: dep-lib-url
Only in vendor/serdes-ai-responses/target/debug/.fingerprint/url-81ca8fb964867fcc: dep-lib-url
Only in vendor/serdes-ai-responses/target/debug/.fingerprint/utf-8-bf6656647abc0df6: dep-lib-utf8
Only in vendor/serdes-ai-responses/target/debug/.fingerprint/utf-8-d5026bbbf25817e8: dep-lib-utf8
Only in vendor/serdes-ai-responses/target/debug/.fingerprint/utf8_iter-0fb0fb1a7515565d: dep-lib-utf8_iter
Only in vendor/serdes-ai-responses/target/debug/.fingerprint/utf8_iter-10590c8c514694c9: dep-lib-utf8_iter
Only in vendor/serdes-ai-responses/target/debug/.fingerprint/uuid-726d7e8fd6427c18: dep-lib-uuid
Only in vendor/serdes-ai-responses/target/debug/.fingerprint/uuid-d47999fed07baaa0: dep-lib-uuid
Only in vendor/serdes-ai-responses/target/debug/.fingerprint/version_check-27447526a5891999: dep-lib-version_check
Only in vendor/serdes-ai-responses/target/debug/.fingerprint/want-23c907daa95da708: dep-lib-want
Only in vendor/serdes-ai-responses/target/debug/.fingerprint/want-fc8c3bfd61515640: dep-lib-want
Only in vendor/serdes-ai-responses/target/debug/.fingerprint/webpki-roots-1ddb5c6660fa7a53: dep-lib-webpki_roots
Only in vendor/serdes-ai-responses/target/debug/.fingerprint/webpki-roots-75676717d43b7ad4: dep-lib-webpki_roots
Only in vendor/serdes-ai-responses/target/debug/.fingerprint/writeable-b4ad73ab9270eb17: dep-lib-writeable
Only in vendor/serdes-ai-responses/target/debug/.fingerprint/writeable-d1214f1d0f702709: dep-lib-writeable
Only in vendor/serdes-ai-responses/target/debug/.fingerprint/yoke-167aee1c9eb4e65e: dep-lib-yoke
Only in vendor/serdes-ai-responses/target/debug/.fingerprint/yoke-26b750d4c3b79fd5: dep-lib-yoke
Only in vendor/serdes-ai-responses/target/debug/.fingerprint/yoke-derive-e40c758ed81544dc: dep-lib-yoke_derive
Only in vendor/serdes-ai-responses/target/debug/.fingerprint/zerocopy-1d2bd5c8b8977d2b: dep-lib-zerocopy
Only in vendor/serdes-ai-responses/target/debug/.fingerprint/zerocopy-2890c90b5a03fcb7: dep-lib-zerocopy
Only in vendor/serdes-ai-responses/target/debug/.fingerprint/zerocopy-fe81d15718bf7fca: dep-build-script-build-script-build
Only in vendor/serdes-ai-responses/target/debug/.fingerprint/zerofrom-0cfac90107e2db34: dep-lib-zerofrom
Only in vendor/serdes-ai-responses/target/debug/.fingerprint/zerofrom-c6741475c9e186e8: dep-lib-zerofrom
Only in vendor/serdes-ai-responses/target/debug/.fingerprint/zerofrom-derive-9951e69253aab757: dep-lib-zerofrom_derive
Only in vendor/serdes-ai-responses/target/debug/.fingerprint/zeroize-24bd8f00e3e86509: dep-lib-zeroize
Only in vendor/serdes-ai-responses/target/debug/.fingerprint/zeroize-c839e522d07573d1: dep-lib-zeroize
Only in vendor/serdes-ai-responses/target/debug/.fingerprint/zerotrie-95bf9d89ae496555: dep-lib-zerotrie
Only in vendor/serdes-ai-responses/target/debug/.fingerprint/zerotrie-999c71a7714bcbb9: dep-lib-zerotrie
Only in vendor/serdes-ai-responses/target/debug/.fingerprint/zerovec-6c6fa402f61c9f79: dep-lib-zerovec
Only in vendor/serdes-ai-responses/target/debug/.fingerprint/zerovec-794d707753cb061a: dep-lib-zerovec
Only in vendor/serdes-ai-responses/target/debug/.fingerprint/zerovec-derive-9eb648cd1f1970c2: dep-lib-zerovec_derive
Only in vendor/serdes-ai-responses/target/debug/.fingerprint/zmij-4f51e818dc1b3dc5: dep-build-script-build-script-build
Only in vendor/serdes-ai-responses/target/debug/.fingerprint/zmij-9e60319a8c05d239: dep-lib-zmij
Only in vendor/serdes-ai-responses/target/debug/.fingerprint/zmij-aa636fc82cb9bd44: dep-lib-zmij
Only in vendor/serdes-ai-responses/target/debug/build/anyhow-457762dba6aa7c91: build-script-build
Only in vendor/serdes-ai-responses/target/debug/build/anyhow-457762dba6aa7c91: build_script_build-457762dba6aa7c91
Only in vendor/serdes-ai-responses/target/debug/build/anyhow-731f98f49e43428f: out
Only in vendor/serdes-ai-responses/target/debug/build/anyhow-731f98f49e43428f: stderr
Only in vendor/serdes-ai-responses/target/debug/build/generic-array-487e2d4074132532: out
Only in vendor/serdes-ai-responses/target/debug/build/generic-array-487e2d4074132532: stderr
Only in vendor/serdes-ai-responses/target/debug/build/generic-array-be7d0a38638d306f: build-script-build
Only in vendor/serdes-ai-responses/target/debug/build/generic-array-be7d0a38638d306f: build_script_build-be7d0a38638d306f
Only in vendor/serdes-ai-responses/target/debug/build/getrandom-141f02f8f089fad6: out
Only in vendor/serdes-ai-responses/target/debug/build/getrandom-141f02f8f089fad6: stderr
Only in vendor/serdes-ai-responses/target/debug/build/getrandom-6758296f7ad82036: build-script-build
Only in vendor/serdes-ai-responses/target/debug/build/getrandom-6758296f7ad82036: build_script_build-6758296f7ad82036
Only in vendor/serdes-ai-responses/target/debug/build/getrandom-cce4f1f9b536c351: build-script-build
Only in vendor/serdes-ai-responses/target/debug/build/getrandom-cce4f1f9b536c351: build_script_build-cce4f1f9b536c351
Only in vendor/serdes-ai-responses/target/debug/build/getrandom-e24302236a22ea0b: out
Only in vendor/serdes-ai-responses/target/debug/build/getrandom-e24302236a22ea0b: stderr
Only in vendor/serdes-ai-responses/target/debug/build/httparse-4be9d028fbaa9a6c: out
Only in vendor/serdes-ai-responses/target/debug/build/httparse-4be9d028fbaa9a6c: stderr
Only in vendor/serdes-ai-responses/target/debug/build/httparse-d9b1ad2e0c3b3d8d: build-script-build
Only in vendor/serdes-ai-responses/target/debug/build/httparse-d9b1ad2e0c3b3d8d: build_script_build-d9b1ad2e0c3b3d8d
Only in vendor/serdes-ai-responses/target/debug/build/icu_normalizer_data-993178ebf1ead50c: build-script-build
Only in vendor/serdes-ai-responses/target/debug/build/icu_normalizer_data-993178ebf1ead50c: build_script_build-993178ebf1ead50c
Only in vendor/serdes-ai-responses/target/debug/build/icu_normalizer_data-bed1e9947c66aee6: out
Only in vendor/serdes-ai-responses/target/debug/build/icu_normalizer_data-bed1e9947c66aee6: stderr
Only in vendor/serdes-ai-responses/target/debug/build/icu_properties_data-0c31c19c3228fc76: out
Only in vendor/serdes-ai-responses/target/debug/build/icu_properties_data-0c31c19c3228fc76: stderr
Only in vendor/serdes-ai-responses/target/debug/build/icu_properties_data-ff64581ce8ed489f: build-script-build
Only in vendor/serdes-ai-responses/target/debug/build/icu_properties_data-ff64581ce8ed489f: build_script_build-ff64581ce8ed489f
Only in vendor/serdes-ai-responses/target/debug/build/libc-a9ab1bf0cadbdc6f: out
Only in vendor/serdes-ai-responses/target/debug/build/libc-a9ab1bf0cadbdc6f: stderr
Only in vendor/serdes-ai-responses/target/debug/build/libc-da699a7c684b32f6: build-script-build
Only in vendor/serdes-ai-responses/target/debug/build/libc-da699a7c684b32f6: build_script_build-da699a7c684b32f6
Only in vendor/serdes-ai-responses/target/debug/build/num-traits-11f77835ec61b7d2: build-script-build
Only in vendor/serdes-ai-responses/target/debug/build/num-traits-11f77835ec61b7d2: build_script_build-11f77835ec61b7d2
Only in vendor/serdes-ai-responses/target/debug/build/num-traits-5d6bb7a00d7aca9d: out
Only in vendor/serdes-ai-responses/target/debug/build/num-traits-5d6bb7a00d7aca9d: stderr
Only in vendor/serdes-ai-responses/target/debug/build/parking_lot_core-0afe44e7005191fa: build-script-build
Only in vendor/serdes-ai-responses/target/debug/build/parking_lot_core-0afe44e7005191fa: build_script_build-0afe44e7005191fa
Only in vendor/serdes-ai-responses/target/debug/build/parking_lot_core-9a69304f62573c49: out
Only in vendor/serdes-ai-responses/target/debug/build/parking_lot_core-9a69304f62573c49: stderr
Only in vendor/serdes-ai-responses/target/debug/build/proc-macro2-a9a867ab9beed054: build-script-build
Only in vendor/serdes-ai-responses/target/debug/build/proc-macro2-a9a867ab9beed054: build_script_build-a9a867ab9beed054
Only in vendor/serdes-ai-responses/target/debug/build/proc-macro2-e03664c26bfbb8da: out
Only in vendor/serdes-ai-responses/target/debug/build/proc-macro2-e03664c26bfbb8da: stderr
Only in vendor/serdes-ai-responses/target/debug/build/quote-731c20a02353bfc5: out
Only in vendor/serdes-ai-responses/target/debug/build/quote-731c20a02353bfc5: stderr
Only in vendor/serdes-ai-responses/target/debug/build/quote-e9b907310740fafc: build-script-build
Only in vendor/serdes-ai-responses/target/debug/build/quote-e9b907310740fafc: build_script_build-e9b907310740fafc
Only in vendor/serdes-ai-responses/target/debug/build/ring-936c617359ab1abb: build-script-build
Only in vendor/serdes-ai-responses/target/debug/build/ring-936c617359ab1abb: build_script_build-936c617359ab1abb
Only in vendor/serdes-ai-responses/target/debug/build/ring-d0058c3786847514/out: 00c879ee3285a50d-montgomery.o
Only in vendor/serdes-ai-responses/target/debug/build/ring-d0058c3786847514/out: 00c879ee3285a50d-montgomery_inv.o
Only in vendor/serdes-ai-responses/target/debug/build/ring-d0058c3786847514/out: 0bbbd18bda93c05b-aes_nohw.o
Only in vendor/serdes-ai-responses/target/debug/build/ring-d0058c3786847514/out: 25ac62e5b3c53843-curve25519.o
Only in vendor/serdes-ai-responses/target/debug/build/ring-d0058c3786847514/out: a0330e891e733f4e-ecp_nistz.o
Only in vendor/serdes-ai-responses/target/debug/build/ring-d0058c3786847514/out: a0330e891e733f4e-gfp_p256.o
Only in vendor/serdes-ai-responses/target/debug/build/ring-d0058c3786847514/out: a0330e891e733f4e-gfp_p384.o
Only in vendor/serdes-ai-responses/target/debug/build/ring-d0058c3786847514/out: a0330e891e733f4e-p256-nistz.o
Only in vendor/serdes-ai-responses/target/debug/build/ring-d0058c3786847514/out: a0330e891e733f4e-p256.o
Only in vendor/serdes-ai-responses/target/debug/build/ring-d0058c3786847514/out: a4019cc0736b0423-constant_time_test.o
Only in vendor/serdes-ai-responses/target/debug/build/ring-d0058c3786847514/out: a4019cc0736b0423-mem.o
Only in vendor/serdes-ai-responses/target/debug/build/ring-d0058c3786847514/out: aaa1ba3e455ee2e1-limbs.o
Only in vendor/serdes-ai-responses/target/debug/build/ring-d0058c3786847514/out: c322a0bcc369f531-aesv8-armx-ios64.o
Only in vendor/serdes-ai-responses/target/debug/build/ring-d0058c3786847514/out: c322a0bcc369f531-aesv8-gcm-armv8-ios64.o
Only in vendor/serdes-ai-responses/target/debug/build/ring-d0058c3786847514/out: c322a0bcc369f531-armv8-mont-ios64.o
Only in vendor/serdes-ai-responses/target/debug/build/ring-d0058c3786847514/out: c322a0bcc369f531-chacha-armv8-ios64.o
Only in vendor/serdes-ai-responses/target/debug/build/ring-d0058c3786847514/out: c322a0bcc369f531-chacha20_poly1305_armv8-ios64.o
Only in vendor/serdes-ai-responses/target/debug/build/ring-d0058c3786847514/out: c322a0bcc369f531-ghash-neon-armv8-ios64.o
Only in vendor/serdes-ai-responses/target/debug/build/ring-d0058c3786847514/out: c322a0bcc369f531-ghashv8-armx-ios64.o
Only in vendor/serdes-ai-responses/target/debug/build/ring-d0058c3786847514/out: c322a0bcc369f531-p256-armv8-asm-ios64.o
Only in vendor/serdes-ai-responses/target/debug/build/ring-d0058c3786847514/out: c322a0bcc369f531-sha256-armv8-ios64.o
Only in vendor/serdes-ai-responses/target/debug/build/ring-d0058c3786847514/out: c322a0bcc369f531-sha512-armv8-ios64.o
Only in vendor/serdes-ai-responses/target/debug/build/ring-d0058c3786847514/out: c322a0bcc369f531-vpaes-armv8-ios64.o
Only in vendor/serdes-ai-responses/target/debug/build/ring-d0058c3786847514/out: d5a9841f3dc6e253-poly1305.o
Only in vendor/serdes-ai-responses/target/debug/build/ring-d0058c3786847514/out: flag_check
Only in vendor/serdes-ai-responses/target/debug/build/ring-d0058c3786847514/out: libring_core_0_17_14_.a
Only in vendor/serdes-ai-responses/target/debug/build/ring-d0058c3786847514/out: libring_core_0_17_14__test.a
Only in vendor/serdes-ai-responses/target/debug/build/ring-d0058c3786847514: stderr
Only in vendor/serdes-ai-responses/target/debug/build/rustls-5fb03e8325a7c356: build-script-build
Only in vendor/serdes-ai-responses/target/debug/build/rustls-5fb03e8325a7c356: build_script_build-5fb03e8325a7c356
Only in vendor/serdes-ai-responses/target/debug/build/rustls-8ef97b16149ed6bb: out
Only in vendor/serdes-ai-responses/target/debug/build/rustls-8ef97b16149ed6bb: output
Only in vendor/serdes-ai-responses/target/debug/build/rustls-8ef97b16149ed6bb: stderr
Only in vendor/serdes-ai-responses/target/debug/build/serde-b7a6eb3f33dd115e: build-script-build
Only in vendor/serdes-ai-responses/target/debug/build/serde-b7a6eb3f33dd115e: build_script_build-b7a6eb3f33dd115e
Only in vendor/serdes-ai-responses/target/debug/build/serde-eaa3de96a870a152: stderr
Only in vendor/serdes-ai-responses/target/debug/build/serde_core-145e1b7ad71cc600: build-script-build
Only in vendor/serdes-ai-responses/target/debug/build/serde_core-145e1b7ad71cc600: build_script_build-145e1b7ad71cc600
Only in vendor/serdes-ai-responses/target/debug/build/serde_core-b1e5deccc1304dcc: stderr
Only in vendor/serdes-ai-responses/target/debug/build/serde_json-4ac57ca976f56666: out
Only in vendor/serdes-ai-responses/target/debug/build/serde_json-4ac57ca976f56666: stderr
Only in vendor/serdes-ai-responses/target/debug/build/serde_json-515eccc9f7e72488: build-script-build
Only in vendor/serdes-ai-responses/target/debug/build/serde_json-515eccc9f7e72488: build_script_build-515eccc9f7e72488
Only in vendor/serdes-ai-responses/target/debug/build/thiserror-00244796d331d047: build-script-build
Only in vendor/serdes-ai-responses/target/debug/build/thiserror-00244796d331d047: build_script_build-00244796d331d047
Only in vendor/serdes-ai-responses/target/debug/build/thiserror-129bb58dee276d98: build-script-build
Only in vendor/serdes-ai-responses/target/debug/build/thiserror-129bb58dee276d98: build_script_build-129bb58dee276d98
Only in vendor/serdes-ai-responses/target/debug/build/thiserror-6eb00b13c333525d: out
Only in vendor/serdes-ai-responses/target/debug/build/thiserror-6eb00b13c333525d: stderr
Only in vendor/serdes-ai-responses/target/debug/build/thiserror-d244a628b14ea922: stderr
Only in vendor/serdes-ai-responses/target/debug/build/zerocopy-72ce71376d0aabc1: out
Only in vendor/serdes-ai-responses/target/debug/build/zerocopy-72ce71376d0aabc1: stderr
Only in vendor/serdes-ai-responses/target/debug/build/zerocopy-fe81d15718bf7fca: build-script-build
Only in vendor/serdes-ai-responses/target/debug/build/zerocopy-fe81d15718bf7fca: build_script_build-fe81d15718bf7fca
Only in vendor/serdes-ai-responses/target/debug/build/zmij-4f51e818dc1b3dc5: build-script-build
Only in vendor/serdes-ai-responses/target/debug/build/zmij-4f51e818dc1b3dc5: build_script_build-4f51e818dc1b3dc5
Only in vendor/serdes-ai-responses/target/debug/build/zmij-ba859df352c121ea: out
Only in vendor/serdes-ai-responses/target/debug/build/zmij-ba859df352c121ea: stderr
Only in vendor/serdes-ai-responses/target/debug/deps: aho_corasick-762f880a72391671.aho_corasick.d1563d35d438d9d6-cgu.00.rcgu.o
Only in vendor/serdes-ai-responses/target/debug/deps: aho_corasick-762f880a72391671.aho_corasick.d1563d35d438d9d6-cgu.01.rcgu.o
Only in vendor/serdes-ai-responses/target/debug/deps: aho_corasick-762f880a72391671.aho_corasick.d1563d35d438d9d6-cgu.02.rcgu.o
Only in vendor/serdes-ai-responses/target/debug/deps: aho_corasick-762f880a72391671.aho_corasick.d1563d35d438d9d6-cgu.03.rcgu.o
Only in vendor/serdes-ai-responses/target/debug/deps: aho_corasick-762f880a72391671.aho_corasick.d1563d35d438d9d6-cgu.04.rcgu.o
Only in vendor/serdes-ai-responses/target/debug/deps: aho_corasick-762f880a72391671.aho_corasick.d1563d35d438d9d6-cgu.05.rcgu.o
Only in vendor/serdes-ai-responses/target/debug/deps: aho_corasick-762f880a72391671.aho_corasick.d1563d35d438d9d6-cgu.06.rcgu.o
Only in vendor/serdes-ai-responses/target/debug/deps: aho_corasick-762f880a72391671.aho_corasick.d1563d35d438d9d6-cgu.07.rcgu.o
Only in vendor/serdes-ai-responses/target/debug/deps: aho_corasick-762f880a72391671.aho_corasick.d1563d35d438d9d6-cgu.08.rcgu.o
Only in vendor/serdes-ai-responses/target/debug/deps: aho_corasick-762f880a72391671.aho_corasick.d1563d35d438d9d6-cgu.09.rcgu.o
Only in vendor/serdes-ai-responses/target/debug/deps: aho_corasick-762f880a72391671.aho_corasick.d1563d35d438d9d6-cgu.10.rcgu.o
Only in vendor/serdes-ai-responses/target/debug/deps: aho_corasick-762f880a72391671.aho_corasick.d1563d35d438d9d6-cgu.11.rcgu.o
Only in vendor/serdes-ai-responses/target/debug/deps: aho_corasick-762f880a72391671.aho_corasick.d1563d35d438d9d6-cgu.12.rcgu.o
Only in vendor/serdes-ai-responses/target/debug/deps: aho_corasick-762f880a72391671.aho_corasick.d1563d35d438d9d6-cgu.13.rcgu.o
Only in vendor/serdes-ai-responses/target/debug/deps: aho_corasick-762f880a72391671.aho_corasick.d1563d35d438d9d6-cgu.14.rcgu.o
Only in vendor/serdes-ai-responses/target/debug/deps: aho_corasick-762f880a72391671.aho_corasick.d1563d35d438d9d6-cgu.15.rcgu.o
Only in vendor/serdes-ai-responses/target/debug/deps: anyhow-db1f6a292fd18298.anyhow.e3954b749029b9ef-cgu.0.rcgu.o
Only in vendor/serdes-ai-responses/target/debug/deps: anyhow-db1f6a292fd18298.anyhow.e3954b749029b9ef-cgu.1.rcgu.o
Only in vendor/serdes-ai-responses/target/debug/deps: atomic_waker-e7b30d5fd68e4f81.atomic_waker.8358a0fcfeeb88ce-cgu.0.rcgu.o
Only in vendor/serdes-ai-responses/target/debug/deps: base64-b543fed2f0293468.base64.3a1f2ff7172cbc06-cgu.0.rcgu.o
Only in vendor/serdes-ai-responses/target/debug/deps: bitflags-6902d4bc9d909d32.bitflags.13174e3a6d9ea61c-cgu.0.rcgu.o
Only in vendor/serdes-ai-responses/target/debug/deps: block_buffer-a6d16a503fc7f22d.block_buffer.b3611a0f16dba33b-cgu.0.rcgu.o
Only in vendor/serdes-ai-responses/target/debug/deps: bytes-258f462c5e906be1.bytes.5d9d467b2dd01934-cgu.0.rcgu.o
Only in vendor/serdes-ai-responses/target/debug/deps: bytes-258f462c5e906be1.bytes.5d9d467b2dd01934-cgu.1.rcgu.o
Only in vendor/serdes-ai-responses/target/debug/deps: cfg_if-7e76abba0d4e7174.cfg_if.fb7fce9cc9718dd1-cgu.0.rcgu.o
Only in vendor/serdes-ai-responses/target/debug/deps: chrono-c0a850af197d167c.chrono.9b3f0bc29b53a6ea-cgu.0.rcgu.o
Only in vendor/serdes-ai-responses/target/debug/deps: chrono-c0a850af197d167c.chrono.9b3f0bc29b53a6ea-cgu.1.rcgu.o
Only in vendor/serdes-ai-responses/target/debug/deps: chrono-c0a850af197d167c.chrono.9b3f0bc29b53a6ea-cgu.2.rcgu.o
Only in vendor/serdes-ai-responses/target/debug/deps: chrono-c0a850af197d167c.chrono.9b3f0bc29b53a6ea-cgu.3.rcgu.o
Only in vendor/serdes-ai-responses/target/debug/deps: chrono-c0a850af197d167c.chrono.9b3f0bc29b53a6ea-cgu.4.rcgu.o
Only in vendor/serdes-ai-responses/target/debug/deps: chrono-c0a850af197d167c.chrono.9b3f0bc29b53a6ea-cgu.5.rcgu.o
Only in vendor/serdes-ai-responses/target/debug/deps: chrono-c0a850af197d167c.chrono.9b3f0bc29b53a6ea-cgu.6.rcgu.o
Only in vendor/serdes-ai-responses/target/debug/deps: chrono-c0a850af197d167c.chrono.9b3f0bc29b53a6ea-cgu.7.rcgu.o
Only in vendor/serdes-ai-responses/target/debug/deps: client_ws-d9329119ac13734d
Only in vendor/serdes-ai-responses/target/debug/deps: client_ws-d9329119ac13734d.client_ws.23a6d4895ac0a2a7-cgu.00.rcgu.o
Only in vendor/serdes-ai-responses/target/debug/deps: client_ws-d9329119ac13734d.client_ws.23a6d4895ac0a2a7-cgu.01.rcgu.o
Only in vendor/serdes-ai-responses/target/debug/deps: client_ws-d9329119ac13734d.client_ws.23a6d4895ac0a2a7-cgu.02.rcgu.o
Only in vendor/serdes-ai-responses/target/debug/deps: client_ws-d9329119ac13734d.client_ws.23a6d4895ac0a2a7-cgu.03.rcgu.o
Only in vendor/serdes-ai-responses/target/debug/deps: client_ws-d9329119ac13734d.client_ws.23a6d4895ac0a2a7-cgu.04.rcgu.o
Only in vendor/serdes-ai-responses/target/debug/deps: client_ws-d9329119ac13734d.client_ws.23a6d4895ac0a2a7-cgu.05.rcgu.o
Only in vendor/serdes-ai-responses/target/debug/deps: client_ws-d9329119ac13734d.client_ws.23a6d4895ac0a2a7-cgu.06.rcgu.o
Only in vendor/serdes-ai-responses/target/debug/deps: client_ws-d9329119ac13734d.client_ws.23a6d4895ac0a2a7-cgu.07.rcgu.o
Only in vendor/serdes-ai-responses/target/debug/deps: client_ws-d9329119ac13734d.client_ws.23a6d4895ac0a2a7-cgu.08.rcgu.o
Only in vendor/serdes-ai-responses/target/debug/deps: client_ws-d9329119ac13734d.client_ws.23a6d4895ac0a2a7-cgu.09.rcgu.o
Only in vendor/serdes-ai-responses/target/debug/deps: core_foundation_sys-4c5f7b4418cc0848.core_foundation_sys.4fb4ba7234214b14-cgu.0.rcgu.o
Only in vendor/serdes-ai-responses/target/debug/deps: cpufeatures-bb1b660650eecdb6.cpufeatures.81e42d672fe4fb98-cgu.0.rcgu.o
Only in vendor/serdes-ai-responses/target/debug/deps: crypto_common-77475d0d25734719.crypto_common.27615bba0b08c991-cgu.0.rcgu.o
Only in vendor/serdes-ai-responses/target/debug/deps: data_encoding-bcea177d58bcaba1.data_encoding.eb7edced1966613d-cgu.0.rcgu.o
Only in vendor/serdes-ai-responses/target/debug/deps: data_encoding-bcea177d58bcaba1.data_encoding.eb7edced1966613d-cgu.1.rcgu.o
Only in vendor/serdes-ai-responses/target/debug/deps: data_encoding-bcea177d58bcaba1.data_encoding.eb7edced1966613d-cgu.2.rcgu.o
Only in vendor/serdes-ai-responses/target/debug/deps: derive_builder-8758ad3d0ddce863.derive_builder.da1efc362209acfc-cgu.0.rcgu.o
Only in vendor/serdes-ai-responses/target/debug/deps: digest-bb9b198652a2aa35.digest.fb20c25d998a48dc-cgu.0.rcgu.o
Only in vendor/serdes-ai-responses/target/debug/deps: equivalent-a1c9b9ad8df72bad.equivalent.adfdadeccc69d1ec-cgu.0.rcgu.o
Only in vendor/serdes-ai-responses/target/debug/deps: errno-2cd017a80f6ccd0e.errno.44a7323458618da1-cgu.0.rcgu.o
Only in vendor/serdes-ai-responses/target/debug/deps: form_urlencoded-cb93686a35562df8.form_urlencoded.baca06cf97bf4547-cgu.0.rcgu.o
Only in vendor/serdes-ai-responses/target/debug/deps: futures-c42bbeb1b4943072.futures.c7566f4558a875d3-cgu.0.rcgu.o
Only in vendor/serdes-ai-responses/target/debug/deps: futures_channel-d86f4ef87eb3df03.futures_channel.46a314168a9517b6-cgu.0.rcgu.o
Only in vendor/serdes-ai-responses/target/debug/deps: futures_core-eb34df332aa694e8.futures_core.7daed79604a3aac1-cgu.0.rcgu.o
Only in vendor/serdes-ai-responses/target/debug/deps: futures_executor-7ac56ea1ebad1012.futures_executor.a6c92feb463441a0-cgu.0.rcgu.o
Only in vendor/serdes-ai-responses/target/debug/deps: futures_io-f7c4dc348df6edba.futures_io.6e30094219e387ae-cgu.0.rcgu.o
Only in vendor/serdes-ai-responses/target/debug/deps: futures_sink-0090ee5c79ce14ae.futures_sink.1876647365d8cbc-cgu.0.rcgu.o
Only in vendor/serdes-ai-responses/target/debug/deps: futures_task-22b87e9c63c947a4.futures_task.c098a35f592a70da-cgu.0.rcgu.o
Only in vendor/serdes-ai-responses/target/debug/deps: futures_util-d1c6b41b53caa001.futures_util.43a50595bb59be99-cgu.0.rcgu.o
Only in vendor/serdes-ai-responses/target/debug/deps: generic_array-d3f0bcb72e2c9b19.generic_array.a4ce2591d6c42177-cgu.0.rcgu.o
Only in vendor/serdes-ai-responses/target/debug/deps: getrandom-6fc28466cb88f44a.getrandom.32771ef532a12b11-cgu.0.rcgu.o
Only in vendor/serdes-ai-responses/target/debug/deps: getrandom-7f72602628871996.getrandom.be2e60a07afae851-cgu.0.rcgu.o
Only in vendor/serdes-ai-responses/target/debug/deps: getrandom-bdbe249ef74c8f27.getrandom.f081fc8a0f8dcb52-cgu.0.rcgu.o
Only in vendor/serdes-ai-responses/target/debug/deps: hashbrown-71bb581e8a0bed5c.hashbrown.87b8e2583da2e44c-cgu.0.rcgu.o
Only in vendor/serdes-ai-responses/target/debug/deps: http-6f645bb1b9f999fe.http.4b78f590b9e7e4c6-cgu.0.rcgu.o
Only in vendor/serdes-ai-responses/target/debug/deps: http-6f645bb1b9f999fe.http.4b78f590b9e7e4c6-cgu.1.rcgu.o
Only in vendor/serdes-ai-responses/target/debug/deps: http-6f645bb1b9f999fe.http.4b78f590b9e7e4c6-cgu.2.rcgu.o
Only in vendor/serdes-ai-responses/target/debug/deps: http-6f645bb1b9f999fe.http.4b78f590b9e7e4c6-cgu.3.rcgu.o
Only in vendor/serdes-ai-responses/target/debug/deps: http-6f645bb1b9f999fe.http.4b78f590b9e7e4c6-cgu.4.rcgu.o
Only in vendor/serdes-ai-responses/target/debug/deps: http_body-15944d5a62cbd2dd.http_body.7543146b78530be2-cgu.0.rcgu.o
Only in vendor/serdes-ai-responses/target/debug/deps: http_body_util-e8bee2825ec5fc39.http_body_util.176ca9ce708d7b3c-cgu.0.rcgu.o
Only in vendor/serdes-ai-responses/target/debug/deps: httparse-4678cd816aada1bd.httparse.ee3948993b953879-cgu.0.rcgu.o
Only in vendor/serdes-ai-responses/target/debug/deps: hyper-88552532d45be17c.hyper.fdee26ac55ac0e-cgu.0.rcgu.o
Only in vendor/serdes-ai-responses/target/debug/deps: hyper-88552532d45be17c.hyper.fdee26ac55ac0e-cgu.1.rcgu.o
Only in vendor/serdes-ai-responses/target/debug/deps: hyper-88552532d45be17c.hyper.fdee26ac55ac0e-cgu.2.rcgu.o
Only in vendor/serdes-ai-responses/target/debug/deps: hyper-88552532d45be17c.hyper.fdee26ac55ac0e-cgu.3.rcgu.o
Only in vendor/serdes-ai-responses/target/debug/deps: hyper-88552532d45be17c.hyper.fdee26ac55ac0e-cgu.4.rcgu.o
Only in vendor/serdes-ai-responses/target/debug/deps: hyper-88552532d45be17c.hyper.fdee26ac55ac0e-cgu.5.rcgu.o
Only in vendor/serdes-ai-responses/target/debug/deps: hyper-88552532d45be17c.hyper.fdee26ac55ac0e-cgu.6.rcgu.o
Only in vendor/serdes-ai-responses/target/debug/deps: hyper-88552532d45be17c.hyper.fdee26ac55ac0e-cgu.7.rcgu.o
Only in vendor/serdes-ai-responses/target/debug/deps: hyper_rustls-ff91ba05de661336.hyper_rustls.37cf34586769705a-cgu.0.rcgu.o
Only in vendor/serdes-ai-responses/target/debug/deps: hyper_util-218419721aefb8c2.hyper_util.3f8ea587376e8b94-cgu.0.rcgu.o
Only in vendor/serdes-ai-responses/target/debug/deps: hyper_util-218419721aefb8c2.hyper_util.3f8ea587376e8b94-cgu.1.rcgu.o
Only in vendor/serdes-ai-responses/target/debug/deps: hyper_util-218419721aefb8c2.hyper_util.3f8ea587376e8b94-cgu.2.rcgu.o
Only in vendor/serdes-ai-responses/target/debug/deps: hyper_util-218419721aefb8c2.hyper_util.3f8ea587376e8b94-cgu.3.rcgu.o
Only in vendor/serdes-ai-responses/target/debug/deps: iana_time_zone-3f8159f1b3df595d.iana_time_zone.d89c572c8486f96c-cgu.0.rcgu.o
Only in vendor/serdes-ai-responses/target/debug/deps: icu_collections-3d61f9550eadc73f.icu_collections.1e9977e7bd4f137d-cgu.0.rcgu.o
Only in vendor/serdes-ai-responses/target/debug/deps: icu_collections-3d61f9550eadc73f.icu_collections.1e9977e7bd4f137d-cgu.1.rcgu.o
Only in vendor/serdes-ai-responses/target/debug/deps: icu_locale_core-294db36d8550f396.icu_locale_core.ec86956bf92e54c0-cgu.0.rcgu.o
Only in vendor/serdes-ai-responses/target/debug/deps: icu_locale_core-294db36d8550f396.icu_locale_core.ec86956bf92e54c0-cgu.1.rcgu.o
Only in vendor/serdes-ai-responses/target/debug/deps: icu_locale_core-294db36d8550f396.icu_locale_core.ec86956bf92e54c0-cgu.2.rcgu.o
Only in vendor/serdes-ai-responses/target/debug/deps: icu_locale_core-294db36d8550f396.icu_locale_core.ec86956bf92e54c0-cgu.3.rcgu.o
Only in vendor/serdes-ai-responses/target/debug/deps: icu_normalizer-278e0ca92335e27e.icu_normalizer.c95498d138d122ae-cgu.0.rcgu.o
Only in vendor/serdes-ai-responses/target/debug/deps: icu_normalizer-278e0ca92335e27e.icu_normalizer.c95498d138d122ae-cgu.1.rcgu.o
Only in vendor/serdes-ai-responses/target/debug/deps: icu_normalizer-278e0ca92335e27e.icu_normalizer.c95498d138d122ae-cgu.2.rcgu.o
Only in vendor/serdes-ai-responses/target/debug/deps: icu_normalizer_data-1e39fcf364342d30.icu_normalizer_data.b6e36860162d1891-cgu.0.rcgu.o
Only in vendor/serdes-ai-responses/target/debug/deps: icu_properties-a7b1b99fe4ee9e08.icu_properties.803ef7f7b4af1e51-cgu.0.rcgu.o
Only in vendor/serdes-ai-responses/target/debug/deps: icu_properties-a7b1b99fe4ee9e08.icu_properties.803ef7f7b4af1e51-cgu.1.rcgu.o
Only in vendor/serdes-ai-responses/target/debug/deps: icu_properties-a7b1b99fe4ee9e08.icu_properties.803ef7f7b4af1e51-cgu.2.rcgu.o
Only in vendor/serdes-ai-responses/target/debug/deps: icu_properties-a7b1b99fe4ee9e08.icu_properties.803ef7f7b4af1e51-cgu.3.rcgu.o
Only in vendor/serdes-ai-responses/target/debug/deps: icu_properties_data-905ede205363a536.icu_properties_data.86cf750e8d1d5f31-cgu.0.rcgu.o
Only in vendor/serdes-ai-responses/target/debug/deps: icu_provider-b331bbd8f0d60cb8.icu_provider.a419b8f5d7834644-cgu.0.rcgu.o
Only in vendor/serdes-ai-responses/target/debug/deps: idna-992ea5329e98e88b.idna.9847c9cd8e681ba6-cgu.0.rcgu.o
Only in vendor/serdes-ai-responses/target/debug/deps: idna-992ea5329e98e88b.idna.9847c9cd8e681ba6-cgu.1.rcgu.o
Only in vendor/serdes-ai-responses/target/debug/deps: idna-992ea5329e98e88b.idna.9847c9cd8e681ba6-cgu.2.rcgu.o
Only in vendor/serdes-ai-responses/target/debug/deps: idna-992ea5329e98e88b.idna.9847c9cd8e681ba6-cgu.3.rcgu.o
Only in vendor/serdes-ai-responses/target/debug/deps: idna-992ea5329e98e88b.idna.9847c9cd8e681ba6-cgu.4.rcgu.o
Only in vendor/serdes-ai-responses/target/debug/deps: idna-992ea5329e98e88b.idna.9847c9cd8e681ba6-cgu.5.rcgu.o
Only in vendor/serdes-ai-responses/target/debug/deps: idna-992ea5329e98e88b.idna.9847c9cd8e681ba6-cgu.6.rcgu.o
Only in vendor/serdes-ai-responses/target/debug/deps: idna-992ea5329e98e88b.idna.9847c9cd8e681ba6-cgu.7.rcgu.o
Only in vendor/serdes-ai-responses/target/debug/deps: idna_adapter-8a8df18615940807.idna_adapter.466c036c9aa3e45b-cgu.0.rcgu.o
Only in vendor/serdes-ai-responses/target/debug/deps: indexmap-a90540b550aa21b7.indexmap.95ebda68e52b6a0-cgu.0.rcgu.o
Only in vendor/serdes-ai-responses/target/debug/deps: ipnet-33aa2a00bb81a293.ipnet.cbee0ef20db815d-cgu.0.rcgu.o
Only in vendor/serdes-ai-responses/target/debug/deps: ipnet-33aa2a00bb81a293.ipnet.cbee0ef20db815d-cgu.1.rcgu.o
Only in vendor/serdes-ai-responses/target/debug/deps: ipnet-33aa2a00bb81a293.ipnet.cbee0ef20db815d-cgu.2.rcgu.o
Only in vendor/serdes-ai-responses/target/debug/deps: ipnet-33aa2a00bb81a293.ipnet.cbee0ef20db815d-cgu.3.rcgu.o
Only in vendor/serdes-ai-responses/target/debug/deps: itoa-b44586fc39d2b7cf.itoa.b4763ccb62bffac9-cgu.0.rcgu.o
Only in vendor/serdes-ai-responses/target/debug/deps: libaho_corasick-762f880a72391671.rlib
Only in vendor/serdes-ai-responses/target/debug/deps: libaho_corasick-762f880a72391671.rmeta
Only in vendor/serdes-ai-responses/target/debug/deps: libaho_corasick-f2fe6143daa212d6.rmeta
Only in vendor/serdes-ai-responses/target/debug/deps: libanyhow-db1f6a292fd18298.rlib
Only in vendor/serdes-ai-responses/target/debug/deps: libanyhow-db1f6a292fd18298.rmeta
Only in vendor/serdes-ai-responses/target/debug/deps: libanyhow-f4e8eb0d28cf01bf.rmeta
Only in vendor/serdes-ai-responses/target/debug/deps: libasync_trait-232871378ee3ccc4.dylib
Only in vendor/serdes-ai-responses/target/debug/deps: libatomic_waker-730fcaf703bdb5ad.rmeta
Only in vendor/serdes-ai-responses/target/debug/deps: libatomic_waker-e7b30d5fd68e4f81.rlib
Only in vendor/serdes-ai-responses/target/debug/deps: libatomic_waker-e7b30d5fd68e4f81.rmeta
Only in vendor/serdes-ai-responses/target/debug/deps: libautocfg-fd8152d35e082ae9.rlib
Only in vendor/serdes-ai-responses/target/debug/deps: libautocfg-fd8152d35e082ae9.rmeta
Only in vendor/serdes-ai-responses/target/debug/deps: libbase64-8594b7e698eedd15.rmeta
Only in vendor/serdes-ai-responses/target/debug/deps: libbase64-b543fed2f0293468.rlib
Only in vendor/serdes-ai-responses/target/debug/deps: libbase64-b543fed2f0293468.rmeta
Only in vendor/serdes-ai-responses/target/debug/deps: libbitflags-641fdc89d6018cbd.rmeta
Only in vendor/serdes-ai-responses/target/debug/deps: libbitflags-6902d4bc9d909d32.rlib
Only in vendor/serdes-ai-responses/target/debug/deps: libbitflags-6902d4bc9d909d32.rmeta
Only in vendor/serdes-ai-responses/target/debug/deps: libblock_buffer-8f3bb3602e73a924.rmeta
Only in vendor/serdes-ai-responses/target/debug/deps: libblock_buffer-a6d16a503fc7f22d.rlib
Only in vendor/serdes-ai-responses/target/debug/deps: libblock_buffer-a6d16a503fc7f22d.rmeta
Only in vendor/serdes-ai-responses/target/debug/deps: libbytes-1f68b5b7cf16e6c8.rmeta
Only in vendor/serdes-ai-responses/target/debug/deps: libbytes-258f462c5e906be1.rlib
Only in vendor/serdes-ai-responses/target/debug/deps: libbytes-258f462c5e906be1.rmeta
Only in vendor/serdes-ai-responses/target/debug/deps: libc-daad9fe4d12f6b51.libc.877609918e6edb08-cgu.0.rcgu.o
Only in vendor/serdes-ai-responses/target/debug/deps: libcc-86a2cedfdae0e78e.rlib
Only in vendor/serdes-ai-responses/target/debug/deps: libcc-86a2cedfdae0e78e.rmeta
Only in vendor/serdes-ai-responses/target/debug/deps: libcfg_if-42a0ba2ffcde8df6.rmeta
Only in vendor/serdes-ai-responses/target/debug/deps: libcfg_if-7e76abba0d4e7174.rlib
Only in vendor/serdes-ai-responses/target/debug/deps: libcfg_if-7e76abba0d4e7174.rmeta
Only in vendor/serdes-ai-responses/target/debug/deps: libchrono-522455f61bab033e.rmeta
Only in vendor/serdes-ai-responses/target/debug/deps: libchrono-c0a850af197d167c.rlib
Only in vendor/serdes-ai-responses/target/debug/deps: libchrono-c0a850af197d167c.rmeta
Only in vendor/serdes-ai-responses/target/debug/deps: libclient_ws-8f50158756b98e51.rmeta
Only in vendor/serdes-ai-responses/target/debug/deps: libcore_foundation_sys-4c5f7b4418cc0848.rlib
Only in vendor/serdes-ai-responses/target/debug/deps: libcore_foundation_sys-4c5f7b4418cc0848.rmeta
Only in vendor/serdes-ai-responses/target/debug/deps: libcore_foundation_sys-9f897f2abcff6af8.rmeta
Only in vendor/serdes-ai-responses/target/debug/deps: libcpufeatures-69a7725eadc8ff5b.rmeta
Only in vendor/serdes-ai-responses/target/debug/deps: libcpufeatures-bb1b660650eecdb6.rlib
Only in vendor/serdes-ai-responses/target/debug/deps: libcpufeatures-bb1b660650eecdb6.rmeta
Only in vendor/serdes-ai-responses/target/debug/deps: libcrypto_common-494093d98504d552.rmeta
Only in vendor/serdes-ai-responses/target/debug/deps: libcrypto_common-77475d0d25734719.rlib
Only in vendor/serdes-ai-responses/target/debug/deps: libcrypto_common-77475d0d25734719.rmeta
Only in vendor/serdes-ai-responses/target/debug/deps: libdarling-04c336ced7d3e5f4.rlib
Only in vendor/serdes-ai-responses/target/debug/deps: libdarling-04c336ced7d3e5f4.rmeta
Only in vendor/serdes-ai-responses/target/debug/deps: libdarling_core-7e076df672c685c8.rlib
Only in vendor/serdes-ai-responses/target/debug/deps: libdarling_core-7e076df672c685c8.rmeta
Only in vendor/serdes-ai-responses/target/debug/deps: libdarling_macro-7be99d161522b68b.dylib
Only in vendor/serdes-ai-responses/target/debug/deps: libdata_encoding-40b2e4e77dcfb16a.rmeta
Only in vendor/serdes-ai-responses/target/debug/deps: libdata_encoding-bcea177d58bcaba1.rlib
Only in vendor/serdes-ai-responses/target/debug/deps: libdata_encoding-bcea177d58bcaba1.rmeta
Only in vendor/serdes-ai-responses/target/debug/deps: libderive_builder-4b84110f7d060333.rmeta
Only in vendor/serdes-ai-responses/target/debug/deps: libderive_builder-8758ad3d0ddce863.rlib
Only in vendor/serdes-ai-responses/target/debug/deps: libderive_builder-8758ad3d0ddce863.rmeta
Only in vendor/serdes-ai-responses/target/debug/deps: libderive_builder_core-8952419d5cb68a37.rlib
Only in vendor/serdes-ai-responses/target/debug/deps: libderive_builder_core-8952419d5cb68a37.rmeta
Only in vendor/serdes-ai-responses/target/debug/deps: libderive_builder_macro-6fb7b4770f4f0d1d.dylib
Only in vendor/serdes-ai-responses/target/debug/deps: libdigest-3f70f6c17b38d400.rmeta
Only in vendor/serdes-ai-responses/target/debug/deps: libdigest-bb9b198652a2aa35.rlib
Only in vendor/serdes-ai-responses/target/debug/deps: libdigest-bb9b198652a2aa35.rmeta
Only in vendor/serdes-ai-responses/target/debug/deps: libdisplaydoc-f78674b3ce3dffd2.dylib
Only in vendor/serdes-ai-responses/target/debug/deps: libequivalent-a1c9b9ad8df72bad.rlib
Only in vendor/serdes-ai-responses/target/debug/deps: libequivalent-a1c9b9ad8df72bad.rmeta
Only in vendor/serdes-ai-responses/target/debug/deps: libequivalent-e5d941760f049c88.rmeta
Only in vendor/serdes-ai-responses/target/debug/deps: liberrno-2cd017a80f6ccd0e.rlib
Only in vendor/serdes-ai-responses/target/debug/deps: liberrno-2cd017a80f6ccd0e.rmeta
Only in vendor/serdes-ai-responses/target/debug/deps: liberrno-3e571a9b01d234f1.rmeta
Only in vendor/serdes-ai-responses/target/debug/deps: libfind_msvc_tools-1fa91452166cce6e.rlib
Only in vendor/serdes-ai-responses/target/debug/deps: libfind_msvc_tools-1fa91452166cce6e.rmeta
Only in vendor/serdes-ai-responses/target/debug/deps: libfnv-635d2fa187af3e7e.rlib
Only in vendor/serdes-ai-responses/target/debug/deps: libfnv-635d2fa187af3e7e.rmeta
Only in vendor/serdes-ai-responses/target/debug/deps: libform_urlencoded-c53a09f4f78ea86c.rmeta
Only in vendor/serdes-ai-responses/target/debug/deps: libform_urlencoded-cb93686a35562df8.rlib
Only in vendor/serdes-ai-responses/target/debug/deps: libform_urlencoded-cb93686a35562df8.rmeta
Only in vendor/serdes-ai-responses/target/debug/deps: libfutures-77284b9e98272f31.rmeta
Only in vendor/serdes-ai-responses/target/debug/deps: libfutures-c42bbeb1b4943072.rlib
Only in vendor/serdes-ai-responses/target/debug/deps: libfutures-c42bbeb1b4943072.rmeta
Only in vendor/serdes-ai-responses/target/debug/deps: libfutures_channel-0bd59a7cd540b452.rmeta
Only in vendor/serdes-ai-responses/target/debug/deps: libfutures_channel-d86f4ef87eb3df03.rlib
Only in vendor/serdes-ai-responses/target/debug/deps: libfutures_channel-d86f4ef87eb3df03.rmeta
Only in vendor/serdes-ai-responses/target/debug/deps: libfutures_core-02bdf1fc06ab253c.rmeta
Only in vendor/serdes-ai-responses/target/debug/deps: libfutures_core-eb34df332aa694e8.rlib
Only in vendor/serdes-ai-responses/target/debug/deps: libfutures_core-eb34df332aa694e8.rmeta
Only in vendor/serdes-ai-responses/target/debug/deps: libfutures_executor-5d40da559864da40.rmeta
Only in vendor/serdes-ai-responses/target/debug/deps: libfutures_executor-7ac56ea1ebad1012.rlib
Only in vendor/serdes-ai-responses/target/debug/deps: libfutures_executor-7ac56ea1ebad1012.rmeta
Only in vendor/serdes-ai-responses/target/debug/deps: libfutures_io-a347b19b85d81aa5.rmeta
Only in vendor/serdes-ai-responses/target/debug/deps: libfutures_io-f7c4dc348df6edba.rlib
Only in vendor/serdes-ai-responses/target/debug/deps: libfutures_io-f7c4dc348df6edba.rmeta
Only in vendor/serdes-ai-responses/target/debug/deps: libfutures_macro-d8f88ff7f5cce88f.dylib
Only in vendor/serdes-ai-responses/target/debug/deps: libfutures_sink-0090ee5c79ce14ae.rlib
Only in vendor/serdes-ai-responses/target/debug/deps: libfutures_sink-0090ee5c79ce14ae.rmeta
Only in vendor/serdes-ai-responses/target/debug/deps: libfutures_sink-6a14d358df2f34be.rmeta
Only in vendor/serdes-ai-responses/target/debug/deps: libfutures_task-08b15530f4aec940.rmeta
Only in vendor/serdes-ai-responses/target/debug/deps: libfutures_task-22b87e9c63c947a4.rlib
Only in vendor/serdes-ai-responses/target/debug/deps: libfutures_task-22b87e9c63c947a4.rmeta
Only in vendor/serdes-ai-responses/target/debug/deps: libfutures_util-792ad2183f71455d.rmeta
Only in vendor/serdes-ai-responses/target/debug/deps: libfutures_util-d1c6b41b53caa001.rlib
Only in vendor/serdes-ai-responses/target/debug/deps: libfutures_util-d1c6b41b53caa001.rmeta
Only in vendor/serdes-ai-responses/target/debug/deps: libgeneric_array-037b4a88b224db8f.rmeta
Only in vendor/serdes-ai-responses/target/debug/deps: libgeneric_array-d3f0bcb72e2c9b19.rlib
Only in vendor/serdes-ai-responses/target/debug/deps: libgeneric_array-d3f0bcb72e2c9b19.rmeta
Only in vendor/serdes-ai-responses/target/debug/deps: libgetrandom-256ca5a8b74407f2.rmeta
Only in vendor/serdes-ai-responses/target/debug/deps: libgetrandom-334d457c222e5912.rmeta
Only in vendor/serdes-ai-responses/target/debug/deps: libgetrandom-6fc28466cb88f44a.rlib
Only in vendor/serdes-ai-responses/target/debug/deps: libgetrandom-6fc28466cb88f44a.rmeta
Only in vendor/serdes-ai-responses/target/debug/deps: libgetrandom-7f72602628871996.rlib
Only in vendor/serdes-ai-responses/target/debug/deps: libgetrandom-7f72602628871996.rmeta
Only in vendor/serdes-ai-responses/target/debug/deps: libgetrandom-9667cf1d02b8f674.rmeta
Only in vendor/serdes-ai-responses/target/debug/deps: libgetrandom-bdbe249ef74c8f27.rlib
Only in vendor/serdes-ai-responses/target/debug/deps: libgetrandom-bdbe249ef74c8f27.rmeta
Only in vendor/serdes-ai-responses/target/debug/deps: libhashbrown-71bb581e8a0bed5c.rlib
Only in vendor/serdes-ai-responses/target/debug/deps: libhashbrown-71bb581e8a0bed5c.rmeta
Only in vendor/serdes-ai-responses/target/debug/deps: libhashbrown-926053de0784eba0.rmeta
Only in vendor/serdes-ai-responses/target/debug/deps: libhttp-6f645bb1b9f999fe.rlib
Only in vendor/serdes-ai-responses/target/debug/deps: libhttp-6f645bb1b9f999fe.rmeta
Only in vendor/serdes-ai-responses/target/debug/deps: libhttp-c67dd3d820a67244.rmeta
Only in vendor/serdes-ai-responses/target/debug/deps: libhttp_body-15944d5a62cbd2dd.rlib
Only in vendor/serdes-ai-responses/target/debug/deps: libhttp_body-15944d5a62cbd2dd.rmeta
Only in vendor/serdes-ai-responses/target/debug/deps: libhttp_body-c8870559cc8b1c4e.rmeta
Only in vendor/serdes-ai-responses/target/debug/deps: libhttp_body_util-d2432598754689bc.rmeta
Only in vendor/serdes-ai-responses/target/debug/deps: libhttp_body_util-e8bee2825ec5fc39.rlib
Only in vendor/serdes-ai-responses/target/debug/deps: libhttp_body_util-e8bee2825ec5fc39.rmeta
Only in vendor/serdes-ai-responses/target/debug/deps: libhttparse-4678cd816aada1bd.rlib
Only in vendor/serdes-ai-responses/target/debug/deps: libhttparse-4678cd816aada1bd.rmeta
Only in vendor/serdes-ai-responses/target/debug/deps: libhttparse-ebecb9e51e26ee2e.rmeta
Only in vendor/serdes-ai-responses/target/debug/deps: libhyper-08e9357abfbb39c5.rmeta
Only in vendor/serdes-ai-responses/target/debug/deps: libhyper-88552532d45be17c.rlib
Only in vendor/serdes-ai-responses/target/debug/deps: libhyper-88552532d45be17c.rmeta
Only in vendor/serdes-ai-responses/target/debug/deps: libhyper_rustls-e3cd2fa0ab90bf72.rmeta
Only in vendor/serdes-ai-responses/target/debug/deps: libhyper_rustls-ff91ba05de661336.rlib
Only in vendor/serdes-ai-responses/target/debug/deps: libhyper_rustls-ff91ba05de661336.rmeta
Only in vendor/serdes-ai-responses/target/debug/deps: libhyper_util-1793875592998051.rmeta
Only in vendor/serdes-ai-responses/target/debug/deps: libhyper_util-218419721aefb8c2.rlib
Only in vendor/serdes-ai-responses/target/debug/deps: libhyper_util-218419721aefb8c2.rmeta
Only in vendor/serdes-ai-responses/target/debug/deps: libiana_time_zone-107204a71cdd296d.rmeta
Only in vendor/serdes-ai-responses/target/debug/deps: libiana_time_zone-3f8159f1b3df595d.rlib
Only in vendor/serdes-ai-responses/target/debug/deps: libiana_time_zone-3f8159f1b3df595d.rmeta
Only in vendor/serdes-ai-responses/target/debug/deps: libicu_collections-3a0d3397c02b8c3f.rmeta
Only in vendor/serdes-ai-responses/target/debug/deps: libicu_collections-3d61f9550eadc73f.rlib
Only in vendor/serdes-ai-responses/target/debug/deps: libicu_collections-3d61f9550eadc73f.rmeta
Only in vendor/serdes-ai-responses/target/debug/deps: libicu_locale_core-294db36d8550f396.rlib
Only in vendor/serdes-ai-responses/target/debug/deps: libicu_locale_core-294db36d8550f396.rmeta
Only in vendor/serdes-ai-responses/target/debug/deps: libicu_locale_core-78592c378985d741.rmeta
Only in vendor/serdes-ai-responses/target/debug/deps: libicu_normalizer-1a78cc245e0d3f3a.rmeta
Only in vendor/serdes-ai-responses/target/debug/deps: libicu_normalizer-278e0ca92335e27e.rlib
Only in vendor/serdes-ai-responses/target/debug/deps: libicu_normalizer-278e0ca92335e27e.rmeta
Only in vendor/serdes-ai-responses/target/debug/deps: libicu_normalizer_data-1e39fcf364342d30.rlib
Only in vendor/serdes-ai-responses/target/debug/deps: libicu_normalizer_data-1e39fcf364342d30.rmeta
Only in vendor/serdes-ai-responses/target/debug/deps: libicu_normalizer_data-2756fb279c1259e0.rmeta
Only in vendor/serdes-ai-responses/target/debug/deps: libicu_properties-17d7a81ab343545c.rmeta
Only in vendor/serdes-ai-responses/target/debug/deps: libicu_properties-a7b1b99fe4ee9e08.rlib
Only in vendor/serdes-ai-responses/target/debug/deps: libicu_properties-a7b1b99fe4ee9e08.rmeta
Only in vendor/serdes-ai-responses/target/debug/deps: libicu_properties_data-905ede205363a536.rlib
Only in vendor/serdes-ai-responses/target/debug/deps: libicu_properties_data-905ede205363a536.rmeta
Only in vendor/serdes-ai-responses/target/debug/deps: libicu_properties_data-d4e8c5e65329ada8.rmeta
Only in vendor/serdes-ai-responses/target/debug/deps: libicu_provider-acd8a1c249ec7286.rmeta
Only in vendor/serdes-ai-responses/target/debug/deps: libicu_provider-b331bbd8f0d60cb8.rlib
Only in vendor/serdes-ai-responses/target/debug/deps: libicu_provider-b331bbd8f0d60cb8.rmeta
Only in vendor/serdes-ai-responses/target/debug/deps: libident_case-acda4b75fe6d909d.rlib
Only in vendor/serdes-ai-responses/target/debug/deps: libident_case-acda4b75fe6d909d.rmeta
Only in vendor/serdes-ai-responses/target/debug/deps: libidna-967471dbb4012292.rmeta
Only in vendor/serdes-ai-responses/target/debug/deps: libidna-992ea5329e98e88b.rlib
Only in vendor/serdes-ai-responses/target/debug/deps: libidna-992ea5329e98e88b.rmeta
Only in vendor/serdes-ai-responses/target/debug/deps: libidna_adapter-8a8df18615940807.rlib
Only in vendor/serdes-ai-responses/target/debug/deps: libidna_adapter-8a8df18615940807.rmeta
Only in vendor/serdes-ai-responses/target/debug/deps: libidna_adapter-9aa5824fe1fc21cf.rmeta
Only in vendor/serdes-ai-responses/target/debug/deps: libindexmap-51b6a62a2856dc8d.rmeta
Only in vendor/serdes-ai-responses/target/debug/deps: libindexmap-a90540b550aa21b7.rlib
Only in vendor/serdes-ai-responses/target/debug/deps: libindexmap-a90540b550aa21b7.rmeta
Only in vendor/serdes-ai-responses/target/debug/deps: libipnet-33aa2a00bb81a293.rlib
Only in vendor/serdes-ai-responses/target/debug/deps: libipnet-33aa2a00bb81a293.rmeta
Only in vendor/serdes-ai-responses/target/debug/deps: libipnet-d8c88339a57a9c08.rmeta
Only in vendor/serdes-ai-responses/target/debug/deps: libitoa-b44586fc39d2b7cf.rlib
Only in vendor/serdes-ai-responses/target/debug/deps: libitoa-b44586fc39d2b7cf.rmeta
Only in vendor/serdes-ai-responses/target/debug/deps: libitoa-f248e7d748716cf6.rmeta
Only in vendor/serdes-ai-responses/target/debug/deps: liblibc-0f790310bbe32b30.rmeta
Only in vendor/serdes-ai-responses/target/debug/deps: liblibc-daad9fe4d12f6b51.rlib
Only in vendor/serdes-ai-responses/target/debug/deps: liblibc-daad9fe4d12f6b51.rmeta
Only in vendor/serdes-ai-responses/target/debug/deps: liblitemap-2a12e54573cbfaf7.rlib
Only in vendor/serdes-ai-responses/target/debug/deps: liblitemap-2a12e54573cbfaf7.rmeta
Only in vendor/serdes-ai-responses/target/debug/deps: liblitemap-9a9d0a8ccdc59e61.rmeta
Only in vendor/serdes-ai-responses/target/debug/deps: liblock_api-68826fa7a131327c.rmeta
Only in vendor/serdes-ai-responses/target/debug/deps: liblock_api-7a37a38473fcc259.rlib
Only in vendor/serdes-ai-responses/target/debug/deps: liblock_api-7a37a38473fcc259.rmeta
Only in vendor/serdes-ai-responses/target/debug/deps: liblog-219f04f16aa7a1c5.rlib
Only in vendor/serdes-ai-responses/target/debug/deps: liblog-219f04f16aa7a1c5.rmeta
Only in vendor/serdes-ai-responses/target/debug/deps: liblog-d6c6eae963f555e6.rmeta
Only in vendor/serdes-ai-responses/target/debug/deps: libmemchr-0ed01910f16c2174.rlib
Only in vendor/serdes-ai-responses/target/debug/deps: libmemchr-0ed01910f16c2174.rmeta
Only in vendor/serdes-ai-responses/target/debug/deps: libmemchr-33d9faf5a30a66f8.rmeta
Only in vendor/serdes-ai-responses/target/debug/deps: libmime-6fbc9c52b3259347.rmeta
Only in vendor/serdes-ai-responses/target/debug/deps: libmime-7ac5e95a93116c21.rlib
Only in vendor/serdes-ai-responses/target/debug/deps: libmime-7ac5e95a93116c21.rmeta
Only in vendor/serdes-ai-responses/target/debug/deps: libmio-a54a32426acbb890.rmeta
Only in vendor/serdes-ai-responses/target/debug/deps: libmio-c6936028f050e39f.rlib
Only in vendor/serdes-ai-responses/target/debug/deps: libmio-c6936028f050e39f.rmeta
Only in vendor/serdes-ai-responses/target/debug/deps: libnum_traits-38a921fc078c9805.rmeta
Only in vendor/serdes-ai-responses/target/debug/deps: libnum_traits-c8ae48ccc9fb41ae.rlib
Only in vendor/serdes-ai-responses/target/debug/deps: libnum_traits-c8ae48ccc9fb41ae.rmeta
Only in vendor/serdes-ai-responses/target/debug/deps: libonce_cell-3fea0d697183d2e7.rmeta
Only in vendor/serdes-ai-responses/target/debug/deps: libonce_cell-716c43cced633c62.rlib
Only in vendor/serdes-ai-responses/target/debug/deps: libonce_cell-716c43cced633c62.rmeta
Only in vendor/serdes-ai-responses/target/debug/deps: libparking_lot-bbe3201335094228.rmeta
Only in vendor/serdes-ai-responses/target/debug/deps: libparking_lot-e708772dea73b7f8.rlib
Only in vendor/serdes-ai-responses/target/debug/deps: libparking_lot-e708772dea73b7f8.rmeta
Only in vendor/serdes-ai-responses/target/debug/deps: libparking_lot_core-b89813148995c67b.rmeta
Only in vendor/serdes-ai-responses/target/debug/deps: libparking_lot_core-d8eb36142cefa5e3.rlib
Only in vendor/serdes-ai-responses/target/debug/deps: libparking_lot_core-d8eb36142cefa5e3.rmeta
Only in vendor/serdes-ai-responses/target/debug/deps: libpercent_encoding-283ec43be665d3bc.rmeta
Only in vendor/serdes-ai-responses/target/debug/deps: libpercent_encoding-76226f1a5c7d4040.rlib
Only in vendor/serdes-ai-responses/target/debug/deps: libpercent_encoding-76226f1a5c7d4040.rmeta
Only in vendor/serdes-ai-responses/target/debug/deps: libpin_project_lite-586ef38be16ef8c8.rlib
Only in vendor/serdes-ai-responses/target/debug/deps: libpin_project_lite-586ef38be16ef8c8.rmeta
Only in vendor/serdes-ai-responses/target/debug/deps: libpin_project_lite-e638a9f60b0db172.rmeta
Only in vendor/serdes-ai-responses/target/debug/deps: libpotential_utf-64d87ba5601471d2.rmeta
Only in vendor/serdes-ai-responses/target/debug/deps: libpotential_utf-ef2191239b4c17fa.rlib
Only in vendor/serdes-ai-responses/target/debug/deps: libpotential_utf-ef2191239b4c17fa.rmeta
Only in vendor/serdes-ai-responses/target/debug/deps: libppv_lite86-16017c497d3d0282.rmeta
Only in vendor/serdes-ai-responses/target/debug/deps: libppv_lite86-ad0636344145cf4d.rlib
Only in vendor/serdes-ai-responses/target/debug/deps: libppv_lite86-ad0636344145cf4d.rmeta
Only in vendor/serdes-ai-responses/target/debug/deps: libproc_macro2-036fdaae11521616.rlib
Only in vendor/serdes-ai-responses/target/debug/deps: libproc_macro2-036fdaae11521616.rmeta
Only in vendor/serdes-ai-responses/target/debug/deps: libquote-54b6e7941a59e2dc.rlib
Only in vendor/serdes-ai-responses/target/debug/deps: libquote-54b6e7941a59e2dc.rmeta
Only in vendor/serdes-ai-responses/target/debug/deps: librand-74d1dd827ba0efa3.rlib
Only in vendor/serdes-ai-responses/target/debug/deps: librand-74d1dd827ba0efa3.rmeta
Only in vendor/serdes-ai-responses/target/debug/deps: librand-aeb03bcb1b41c010.rmeta
Only in vendor/serdes-ai-responses/target/debug/deps: librand_chacha-012766186e01b1cf.rmeta
Only in vendor/serdes-ai-responses/target/debug/deps: librand_chacha-7e222f6072b143f7.rlib
Only in vendor/serdes-ai-responses/target/debug/deps: librand_chacha-7e222f6072b143f7.rmeta
Only in vendor/serdes-ai-responses/target/debug/deps: librand_core-6938dfe0585e0a9a.rmeta
Only in vendor/serdes-ai-responses/target/debug/deps: librand_core-c0aa2fd745d772c5.rlib
Only in vendor/serdes-ai-responses/target/debug/deps: librand_core-c0aa2fd745d772c5.rmeta
Only in vendor/serdes-ai-responses/target/debug/deps: libregex-45d893ebf522c6c1.rmeta
Only in vendor/serdes-ai-responses/target/debug/deps: libregex-ae55c2b25ceee599.rlib
Only in vendor/serdes-ai-responses/target/debug/deps: libregex-ae55c2b25ceee599.rmeta
Only in vendor/serdes-ai-responses/target/debug/deps: libregex_automata-0484a59d8327327b.rlib
Only in vendor/serdes-ai-responses/target/debug/deps: libregex_automata-0484a59d8327327b.rmeta
Only in vendor/serdes-ai-responses/target/debug/deps: libregex_automata-e8d92f35a06b4b82.rmeta
Only in vendor/serdes-ai-responses/target/debug/deps: libregex_syntax-99ea0c79c90605ae.rmeta
Only in vendor/serdes-ai-responses/target/debug/deps: libregex_syntax-d1107f5217faf9f6.rlib
Only in vendor/serdes-ai-responses/target/debug/deps: libregex_syntax-d1107f5217faf9f6.rmeta
Only in vendor/serdes-ai-responses/target/debug/deps: libreqwest-7228756012a62a86.rmeta
Only in vendor/serdes-ai-responses/target/debug/deps: libreqwest-772f0551c4885e2f.rlib
Only in vendor/serdes-ai-responses/target/debug/deps: libreqwest-772f0551c4885e2f.rmeta
Only in vendor/serdes-ai-responses/target/debug/deps: libring-d8d77181661f7976.rmeta
Only in vendor/serdes-ai-responses/target/debug/deps: libring-e12885935d0f7a94.rlib
Only in vendor/serdes-ai-responses/target/debug/deps: libring-e12885935d0f7a94.rmeta
Only in vendor/serdes-ai-responses/target/debug/deps: librustls-e002fc44c3e7d150.rmeta
Only in vendor/serdes-ai-responses/target/debug/deps: librustls-f2485ce22736a1e7.rlib
Only in vendor/serdes-ai-responses/target/debug/deps: librustls-f2485ce22736a1e7.rmeta
Only in vendor/serdes-ai-responses/target/debug/deps: librustls_pki_types-6b812368af3cf5a5.rmeta
Only in vendor/serdes-ai-responses/target/debug/deps: librustls_pki_types-eb68bdb68f12ebc5.rlib
Only in vendor/serdes-ai-responses/target/debug/deps: librustls_pki_types-eb68bdb68f12ebc5.rmeta
Only in vendor/serdes-ai-responses/target/debug/deps: libryu-39719d9a85ab13ca.rmeta
Only in vendor/serdes-ai-responses/target/debug/deps: libryu-df2e317c575e93a4.rlib
Only in vendor/serdes-ai-responses/target/debug/deps: libryu-df2e317c575e93a4.rmeta
Only in vendor/serdes-ai-responses/target/debug/deps: libscopeguard-03f093378f853884.rlib
Only in vendor/serdes-ai-responses/target/debug/deps: libscopeguard-03f093378f853884.rmeta
Only in vendor/serdes-ai-responses/target/debug/deps: libscopeguard-c7d78ba8fcbcef17.rmeta
Only in vendor/serdes-ai-responses/target/debug/deps: libserde-493c7ba43ab5a5a0.rmeta
Only in vendor/serdes-ai-responses/target/debug/deps: libserde-58608e64841e7d58.rlib
Only in vendor/serdes-ai-responses/target/debug/deps: libserde-58608e64841e7d58.rmeta
Only in vendor/serdes-ai-responses/target/debug/deps: libserde_core-32b5861d68088a5e.rlib
Only in vendor/serdes-ai-responses/target/debug/deps: libserde_core-32b5861d68088a5e.rmeta
Only in vendor/serdes-ai-responses/target/debug/deps: libserde_core-63e1c29ebeb9d8a5.rmeta
Only in vendor/serdes-ai-responses/target/debug/deps: libserde_derive-8582f39ea2e607ab.dylib
Only in vendor/serdes-ai-responses/target/debug/deps: libserde_json-7c614816fe7e642c.rlib
Only in vendor/serdes-ai-responses/target/debug/deps: libserde_json-7c614816fe7e642c.rmeta
Only in vendor/serdes-ai-responses/target/debug/deps: libserde_json-e42769291c2ad551.rmeta
Only in vendor/serdes-ai-responses/target/debug/deps: libserde_urlencoded-9918dbf66aece15e.rmeta
Only in vendor/serdes-ai-responses/target/debug/deps: libserde_urlencoded-d60952d64b7f799e.rlib
Only in vendor/serdes-ai-responses/target/debug/deps: libserde_urlencoded-d60952d64b7f799e.rmeta
Only in vendor/serdes-ai-responses/target/debug/deps: libserdes_ai_core-5a0e3f564b4cfc36.rmeta
Only in vendor/serdes-ai-responses/target/debug/deps: libserdes_ai_core-6889d40dc7d0a222.rlib
Only in vendor/serdes-ai-responses/target/debug/deps: libserdes_ai_core-6889d40dc7d0a222.rmeta
Only in vendor/serdes-ai-responses/target/debug/deps: libserdes_ai_macros-60987b3d211c9d29.dylib
Only in vendor/serdes-ai-responses/target/debug/deps: libserdes_ai_models-9b8d1a0476bf8e8d.rmeta
Only in vendor/serdes-ai-responses/target/debug/deps: libserdes_ai_models-e5b8493a19456bde.rlib
Only in vendor/serdes-ai-responses/target/debug/deps: libserdes_ai_models-e5b8493a19456bde.rmeta
Only in vendor/serdes-ai-responses/target/debug/deps: libserdes_ai_output-01ff8327df92144e.rmeta
Only in vendor/serdes-ai-responses/target/debug/deps: libserdes_ai_output-8c6f0e3b720529fb.rlib
Only in vendor/serdes-ai-responses/target/debug/deps: libserdes_ai_output-8c6f0e3b720529fb.rmeta
Only in vendor/serdes-ai-responses/target/debug/deps: libserdes_ai_responses-4eb3e33908915e59.rlib
Only in vendor/serdes-ai-responses/target/debug/deps: libserdes_ai_responses-4eb3e33908915e59.rmeta
Only in vendor/serdes-ai-responses/target/debug/deps: libserdes_ai_responses-582e50572f30c3e8.rmeta
Only in vendor/serdes-ai-responses/target/debug/deps: libserdes_ai_responses-70f607ee571858ac.rmeta
Only in vendor/serdes-ai-responses/target/debug/deps: libserdes_ai_streaming-b094eff459814f16.rlib
Only in vendor/serdes-ai-responses/target/debug/deps: libserdes_ai_streaming-b094eff459814f16.rmeta
Only in vendor/serdes-ai-responses/target/debug/deps: libserdes_ai_streaming-de6293d9811a5406.rmeta
Only in vendor/serdes-ai-responses/target/debug/deps: libserdes_ai_tools-afc10a94f2a94c33.rlib
Only in vendor/serdes-ai-responses/target/debug/deps: libserdes_ai_tools-afc10a94f2a94c33.rmeta
Only in vendor/serdes-ai-responses/target/debug/deps: libserdes_ai_tools-f76346318e9921c9.rmeta
Only in vendor/serdes-ai-responses/target/debug/deps: libserdes_ai_toolsets-3379dd93f15e0598.rlib
Only in vendor/serdes-ai-responses/target/debug/deps: libserdes_ai_toolsets-3379dd93f15e0598.rmeta
Only in vendor/serdes-ai-responses/target/debug/deps: libserdes_ai_toolsets-e698cab6b5bab5ff.rmeta
Only in vendor/serdes-ai-responses/target/debug/deps: libsha1-281241045cb4f115.rmeta
Only in vendor/serdes-ai-responses/target/debug/deps: libsha1-b09257ca7d7e6846.rlib
Only in vendor/serdes-ai-responses/target/debug/deps: libsha1-b09257ca7d7e6846.rmeta
Only in vendor/serdes-ai-responses/target/debug/deps: libshlex-5240bc2566ac9ef9.rlib
Only in vendor/serdes-ai-responses/target/debug/deps: libshlex-5240bc2566ac9ef9.rmeta
Only in vendor/serdes-ai-responses/target/debug/deps: libsignal_hook_registry-3c146eafdf73e590.rlib
Only in vendor/serdes-ai-responses/target/debug/deps: libsignal_hook_registry-3c146eafdf73e590.rmeta
Only in vendor/serdes-ai-responses/target/debug/deps: libsignal_hook_registry-561ce9c6838cc4a8.rmeta
Only in vendor/serdes-ai-responses/target/debug/deps: libslab-7cf4941a614a0c57.rlib
Only in vendor/serdes-ai-responses/target/debug/deps: libslab-7cf4941a614a0c57.rmeta
Only in vendor/serdes-ai-responses/target/debug/deps: libslab-bf488be6fc1960f0.rmeta
Only in vendor/serdes-ai-responses/target/debug/deps: libsmallvec-3273cde8a37cc205.rlib
Only in vendor/serdes-ai-responses/target/debug/deps: libsmallvec-3273cde8a37cc205.rmeta
Only in vendor/serdes-ai-responses/target/debug/deps: libsmallvec-5a083560b132cd2d.rmeta
Only in vendor/serdes-ai-responses/target/debug/deps: libsocket2-4cd51669deea6a85.rmeta
Only in vendor/serdes-ai-responses/target/debug/deps: libsocket2-a0653e45d0debd8b.rlib
Only in vendor/serdes-ai-responses/target/debug/deps: libsocket2-a0653e45d0debd8b.rmeta
Only in vendor/serdes-ai-responses/target/debug/deps: libstable_deref_trait-26884c7323890b3b.rmeta
Only in vendor/serdes-ai-responses/target/debug/deps: libstable_deref_trait-8be854e8812732e1.rlib
Only in vendor/serdes-ai-responses/target/debug/deps: libstable_deref_trait-8be854e8812732e1.rmeta
Only in vendor/serdes-ai-responses/target/debug/deps: libstrsim-0e4fe4b06f384094.rlib
Only in vendor/serdes-ai-responses/target/debug/deps: libstrsim-0e4fe4b06f384094.rmeta
Only in vendor/serdes-ai-responses/target/debug/deps: libsubtle-00666f39de402553.rlib
Only in vendor/serdes-ai-responses/target/debug/deps: libsubtle-00666f39de402553.rmeta
Only in vendor/serdes-ai-responses/target/debug/deps: libsubtle-f3b19532e8b070c4.rmeta
Only in vendor/serdes-ai-responses/target/debug/deps: libsyn-5dd34e8ddf880085.rlib
Only in vendor/serdes-ai-responses/target/debug/deps: libsyn-5dd34e8ddf880085.rmeta
Only in vendor/serdes-ai-responses/target/debug/deps: libsyn-917c9107b1cc443d.rlib
Only in vendor/serdes-ai-responses/target/debug/deps: libsyn-917c9107b1cc443d.rmeta
Only in vendor/serdes-ai-responses/target/debug/deps: libsync_wrapper-386e3e7612a8d144.rmeta
Only in vendor/serdes-ai-responses/target/debug/deps: libsync_wrapper-8549eefaa1c78495.rlib
Only in vendor/serdes-ai-responses/target/debug/deps: libsync_wrapper-8549eefaa1c78495.rmeta
Only in vendor/serdes-ai-responses/target/debug/deps: libsynstructure-53a97ead95820422.rlib
Only in vendor/serdes-ai-responses/target/debug/deps: libsynstructure-53a97ead95820422.rmeta
Only in vendor/serdes-ai-responses/target/debug/deps: libthiserror-11c424dfcd10c981.rmeta
Only in vendor/serdes-ai-responses/target/debug/deps: libthiserror-25631649e525af84.rlib
Only in vendor/serdes-ai-responses/target/debug/deps: libthiserror-25631649e525af84.rmeta
Only in vendor/serdes-ai-responses/target/debug/deps: libthiserror-36a249c9750efaf1.rmeta
Only in vendor/serdes-ai-responses/target/debug/deps: libthiserror-906297181b2cdcf9.rlib
Only in vendor/serdes-ai-responses/target/debug/deps: libthiserror-906297181b2cdcf9.rmeta
Only in vendor/serdes-ai-responses/target/debug/deps: libthiserror_impl-b4eaf5450e3933f3.dylib
Only in vendor/serdes-ai-responses/target/debug/deps: libthiserror_impl-db464e273dcf62fc.dylib
Only in vendor/serdes-ai-responses/target/debug/deps: libtinystr-b641cb6c1c78f306.rmeta
Only in vendor/serdes-ai-responses/target/debug/deps: libtinystr-b99b4748f1da5f91.rlib
Only in vendor/serdes-ai-responses/target/debug/deps: libtinystr-b99b4748f1da5f91.rmeta
Only in vendor/serdes-ai-responses/target/debug/deps: libtokio-75a980e63d27a0c3.rlib
Only in vendor/serdes-ai-responses/target/debug/deps: libtokio-75a980e63d27a0c3.rmeta
Only in vendor/serdes-ai-responses/target/debug/deps: libtokio-cf0f5d74e6ed8c04.rmeta
Only in vendor/serdes-ai-responses/target/debug/deps: libtokio_macros-6350068c7b31601e.dylib
Only in vendor/serdes-ai-responses/target/debug/deps: libtokio_rustls-107da5e1b8d49aac.rlib
Only in vendor/serdes-ai-responses/target/debug/deps: libtokio_rustls-107da5e1b8d49aac.rmeta
Only in vendor/serdes-ai-responses/target/debug/deps: libtokio_rustls-471fa8b653675b23.rmeta
Only in vendor/serdes-ai-responses/target/debug/deps: libtokio_stream-cc5d3cfe98bc394d.rmeta
Only in vendor/serdes-ai-responses/target/debug/deps: libtokio_stream-e9bc53eac9aeb737.rlib
Only in vendor/serdes-ai-responses/target/debug/deps: libtokio_stream-e9bc53eac9aeb737.rmeta
Only in vendor/serdes-ai-responses/target/debug/deps: libtokio_tungstenite-9adcb0214b1af66f.rlib
Only in vendor/serdes-ai-responses/target/debug/deps: libtokio_tungstenite-9adcb0214b1af66f.rmeta
Only in vendor/serdes-ai-responses/target/debug/deps: libtokio_tungstenite-eae6c0637973d892.rmeta
Only in vendor/serdes-ai-responses/target/debug/deps: libtokio_util-757add0079e8542c.rmeta
Only in vendor/serdes-ai-responses/target/debug/deps: libtokio_util-97450e7ca5d9d482.rlib
Only in vendor/serdes-ai-responses/target/debug/deps: libtokio_util-97450e7ca5d9d482.rmeta
Only in vendor/serdes-ai-responses/target/debug/deps: libtower-8e5f19dd19c8651e.rmeta
Only in vendor/serdes-ai-responses/target/debug/deps: libtower-d5800391b7d1f886.rlib
Only in vendor/serdes-ai-responses/target/debug/deps: libtower-d5800391b7d1f886.rmeta
Only in vendor/serdes-ai-responses/target/debug/deps: libtower_http-93a4876ea7cc2970.rmeta
Only in vendor/serdes-ai-responses/target/debug/deps: libtower_http-ad4dbd731f6628f3.rlib
Only in vendor/serdes-ai-responses/target/debug/deps: libtower_http-ad4dbd731f6628f3.rmeta
Only in vendor/serdes-ai-responses/target/debug/deps: libtower_layer-60525c935857f972.rlib
Only in vendor/serdes-ai-responses/target/debug/deps: libtower_layer-60525c935857f972.rmeta
Only in vendor/serdes-ai-responses/target/debug/deps: libtower_layer-a70990afb6cf9a12.rmeta
Only in vendor/serdes-ai-responses/target/debug/deps: libtower_service-3e874b44b1de8bae.rmeta
Only in vendor/serdes-ai-responses/target/debug/deps: libtower_service-7f41eb306fcc408a.rlib
Only in vendor/serdes-ai-responses/target/debug/deps: libtower_service-7f41eb306fcc408a.rmeta
Only in vendor/serdes-ai-responses/target/debug/deps: libtracing-04c8cf0348e2b3f5.rmeta
Only in vendor/serdes-ai-responses/target/debug/deps: libtracing-303962bce396c0bc.rlib
Only in vendor/serdes-ai-responses/target/debug/deps: libtracing-303962bce396c0bc.rmeta
Only in vendor/serdes-ai-responses/target/debug/deps: libtracing_attributes-b8ac1222d4360abe.dylib
Only in vendor/serdes-ai-responses/target/debug/deps: libtracing_core-346b007a9c3b031d.rmeta
Only in vendor/serdes-ai-responses/target/debug/deps: libtracing_core-ea2af4d333127416.rlib
Only in vendor/serdes-ai-responses/target/debug/deps: libtracing_core-ea2af4d333127416.rmeta
Only in vendor/serdes-ai-responses/target/debug/deps: libtry_lock-8ca481baa00be8b1.rlib
Only in vendor/serdes-ai-responses/target/debug/deps: libtry_lock-8ca481baa00be8b1.rmeta
Only in vendor/serdes-ai-responses/target/debug/deps: libtry_lock-c63e7b41a931d74d.rmeta
Only in vendor/serdes-ai-responses/target/debug/deps: libtungstenite-2881a785a3c31280.rlib
Only in vendor/serdes-ai-responses/target/debug/deps: libtungstenite-2881a785a3c31280.rmeta
Only in vendor/serdes-ai-responses/target/debug/deps: libtungstenite-41622d73ff4c903a.rmeta
Only in vendor/serdes-ai-responses/target/debug/deps: libtypenum-3b949ab50077a36b.rmeta
Only in vendor/serdes-ai-responses/target/debug/deps: libtypenum-badbe8f99efaa426.rlib
Only in vendor/serdes-ai-responses/target/debug/deps: libtypenum-badbe8f99efaa426.rmeta
Only in vendor/serdes-ai-responses/target/debug/deps: libunicode_ident-fec03648d3ee7fd4.rlib
Only in vendor/serdes-ai-responses/target/debug/deps: libunicode_ident-fec03648d3ee7fd4.rmeta
Only in vendor/serdes-ai-responses/target/debug/deps: libuntrusted-4e24c59026e223f9.rlib
Only in vendor/serdes-ai-responses/target/debug/deps: libuntrusted-4e24c59026e223f9.rmeta
Only in vendor/serdes-ai-responses/target/debug/deps: libuntrusted-d62c3ed937b63582.rmeta
Only in vendor/serdes-ai-responses/target/debug/deps: liburl-2c08f791e97361d9.rlib
Only in vendor/serdes-ai-responses/target/debug/deps: liburl-2c08f791e97361d9.rmeta
Only in vendor/serdes-ai-responses/target/debug/deps: liburl-81ca8fb964867fcc.rmeta
Only in vendor/serdes-ai-responses/target/debug/deps: libutf8-bf6656647abc0df6.rlib
Only in vendor/serdes-ai-responses/target/debug/deps: libutf8-bf6656647abc0df6.rmeta
Only in vendor/serdes-ai-responses/target/debug/deps: libutf8-d5026bbbf25817e8.rmeta
Only in vendor/serdes-ai-responses/target/debug/deps: libutf8_iter-0fb0fb1a7515565d.rlib
Only in vendor/serdes-ai-responses/target/debug/deps: libutf8_iter-0fb0fb1a7515565d.rmeta
Only in vendor/serdes-ai-responses/target/debug/deps: libutf8_iter-10590c8c514694c9.rmeta
Only in vendor/serdes-ai-responses/target/debug/deps: libuuid-726d7e8fd6427c18.rlib
Only in vendor/serdes-ai-responses/target/debug/deps: libuuid-726d7e8fd6427c18.rmeta
Only in vendor/serdes-ai-responses/target/debug/deps: libuuid-d47999fed07baaa0.rmeta
Only in vendor/serdes-ai-responses/target/debug/deps: libversion_check-27447526a5891999.rlib
Only in vendor/serdes-ai-responses/target/debug/deps: libversion_check-27447526a5891999.rmeta
Only in vendor/serdes-ai-responses/target/debug/deps: libwant-23c907daa95da708.rlib
Only in vendor/serdes-ai-responses/target/debug/deps: libwant-23c907daa95da708.rmeta
Only in vendor/serdes-ai-responses/target/debug/deps: libwant-fc8c3bfd61515640.rmeta
Only in vendor/serdes-ai-responses/target/debug/deps: libwebpki-22a12c0739e68993.rmeta
Only in vendor/serdes-ai-responses/target/debug/deps: libwebpki-c0b0ec55c4579fdc.rlib
Only in vendor/serdes-ai-responses/target/debug/deps: libwebpki-c0b0ec55c4579fdc.rmeta
Only in vendor/serdes-ai-responses/target/debug/deps: libwebpki_roots-1ddb5c6660fa7a53.rlib
Only in vendor/serdes-ai-responses/target/debug/deps: libwebpki_roots-1ddb5c6660fa7a53.rmeta
Only in vendor/serdes-ai-responses/target/debug/deps: libwebpki_roots-75676717d43b7ad4.rmeta
Only in vendor/serdes-ai-responses/target/debug/deps: libwriteable-b4ad73ab9270eb17.rmeta
Only in vendor/serdes-ai-responses/target/debug/deps: libwriteable-d1214f1d0f702709.rlib
Only in vendor/serdes-ai-responses/target/debug/deps: libwriteable-d1214f1d0f702709.rmeta
Only in vendor/serdes-ai-responses/target/debug/deps: libyoke-167aee1c9eb4e65e.rmeta
Only in vendor/serdes-ai-responses/target/debug/deps: libyoke-26b750d4c3b79fd5.rlib
Only in vendor/serdes-ai-responses/target/debug/deps: libyoke-26b750d4c3b79fd5.rmeta
Only in vendor/serdes-ai-responses/target/debug/deps: libyoke_derive-e40c758ed81544dc.dylib
Only in vendor/serdes-ai-responses/target/debug/deps: libzerocopy-1d2bd5c8b8977d2b.rlib
Only in vendor/serdes-ai-responses/target/debug/deps: libzerocopy-1d2bd5c8b8977d2b.rmeta
Only in vendor/serdes-ai-responses/target/debug/deps: libzerocopy-2890c90b5a03fcb7.rmeta
Only in vendor/serdes-ai-responses/target/debug/deps: libzerofrom-0cfac90107e2db34.rmeta
Only in vendor/serdes-ai-responses/target/debug/deps: libzerofrom-c6741475c9e186e8.rlib
Only in vendor/serdes-ai-responses/target/debug/deps: libzerofrom-c6741475c9e186e8.rmeta
Only in vendor/serdes-ai-responses/target/debug/deps: libzerofrom_derive-9951e69253aab757.dylib
Only in vendor/serdes-ai-responses/target/debug/deps: libzeroize-24bd8f00e3e86509.rlib
Only in vendor/serdes-ai-responses/target/debug/deps: libzeroize-24bd8f00e3e86509.rmeta
Only in vendor/serdes-ai-responses/target/debug/deps: libzeroize-c839e522d07573d1.rmeta
Only in vendor/serdes-ai-responses/target/debug/deps: libzerotrie-95bf9d89ae496555.rmeta
Only in vendor/serdes-ai-responses/target/debug/deps: libzerotrie-999c71a7714bcbb9.rlib
Only in vendor/serdes-ai-responses/target/debug/deps: libzerotrie-999c71a7714bcbb9.rmeta
Only in vendor/serdes-ai-responses/target/debug/deps: libzerovec-6c6fa402f61c9f79.rlib
Only in vendor/serdes-ai-responses/target/debug/deps: libzerovec-6c6fa402f61c9f79.rmeta
Only in vendor/serdes-ai-responses/target/debug/deps: libzerovec-794d707753cb061a.rmeta
Only in vendor/serdes-ai-responses/target/debug/deps: libzerovec_derive-9eb648cd1f1970c2.dylib
Only in vendor/serdes-ai-responses/target/debug/deps: libzmij-9e60319a8c05d239.rlib
Only in vendor/serdes-ai-responses/target/debug/deps: libzmij-9e60319a8c05d239.rmeta
Only in vendor/serdes-ai-responses/target/debug/deps: libzmij-aa636fc82cb9bd44.rmeta
Only in vendor/serdes-ai-responses/target/debug/deps: litemap-2a12e54573cbfaf7.litemap.d5a0819a1ef498f9-cgu.0.rcgu.o
Only in vendor/serdes-ai-responses/target/debug/deps: lock_api-7a37a38473fcc259.lock_api.a3f589a523c3dc56-cgu.0.rcgu.o
Only in vendor/serdes-ai-responses/target/debug/deps: log-219f04f16aa7a1c5.log.c6c003ee9e616a28-cgu.0.rcgu.o
Only in vendor/serdes-ai-responses/target/debug/deps: memchr-0ed01910f16c2174.memchr.d50262668c18be07-cgu.0.rcgu.o
Only in vendor/serdes-ai-responses/target/debug/deps: mime-7ac5e95a93116c21.mime.eb678c20804977d-cgu.0.rcgu.o
Only in vendor/serdes-ai-responses/target/debug/deps: mio-c6936028f050e39f.mio.c43d77241f5ff9be-cgu.0.rcgu.o
Only in vendor/serdes-ai-responses/target/debug/deps: mio-c6936028f050e39f.mio.c43d77241f5ff9be-cgu.1.rcgu.o
Only in vendor/serdes-ai-responses/target/debug/deps: num_traits-c8ae48ccc9fb41ae.num_traits.db15809960173eb1-cgu.0.rcgu.o
Only in vendor/serdes-ai-responses/target/debug/deps: once_cell-716c43cced633c62.once_cell.830c9b037c87d2fe-cgu.0.rcgu.o
Only in vendor/serdes-ai-responses/target/debug/deps: parking_lot-e708772dea73b7f8.parking_lot.32af599de846df27-cgu.0.rcgu.o
Only in vendor/serdes-ai-responses/target/debug/deps: parking_lot-e708772dea73b7f8.parking_lot.32af599de846df27-cgu.1.rcgu.o
Only in vendor/serdes-ai-responses/target/debug/deps: parking_lot-e708772dea73b7f8.parking_lot.32af599de846df27-cgu.2.rcgu.o
Only in vendor/serdes-ai-responses/target/debug/deps: parking_lot_core-d8eb36142cefa5e3.parking_lot_core.c22bb65b9dfcced3-cgu.0.rcgu.o
Only in vendor/serdes-ai-responses/target/debug/deps: percent_encoding-76226f1a5c7d4040.percent_encoding.bc92ba25a11693b2-cgu.0.rcgu.o
Only in vendor/serdes-ai-responses/target/debug/deps: pin_project_lite-586ef38be16ef8c8.pin_project_lite.21cda7a6895e4acc-cgu.0.rcgu.o
Only in vendor/serdes-ai-responses/target/debug/deps: potential_utf-ef2191239b4c17fa.potential_utf.fab0b64f97b91504-cgu.0.rcgu.o
Only in vendor/serdes-ai-responses/target/debug/deps: ppv_lite86-ad0636344145cf4d.ppv_lite86.c48c58a8cd131fc9-cgu.0.rcgu.o
Only in vendor/serdes-ai-responses/target/debug/deps: rand-74d1dd827ba0efa3.rand.5f36cab6f13321c2-cgu.0.rcgu.o
Only in vendor/serdes-ai-responses/target/debug/deps: rand_chacha-7e222f6072b143f7.rand_chacha.c3e681a1bcba2b04-cgu.0.rcgu.o
Only in vendor/serdes-ai-responses/target/debug/deps: rand_core-c0aa2fd745d772c5.rand_core.8f28354a4840eb40-cgu.0.rcgu.o
Only in vendor/serdes-ai-responses/target/debug/deps: regex-ae55c2b25ceee599.regex.827f9ad7f683e2ea-cgu.0.rcgu.o
Only in vendor/serdes-ai-responses/target/debug/deps: regex_automata-0484a59d8327327b.regex_automata.ac5eab5597c38a52-cgu.00.rcgu.o
Only in vendor/serdes-ai-responses/target/debug/deps: regex_automata-0484a59d8327327b.regex_automata.ac5eab5597c38a52-cgu.01.rcgu.o
Only in vendor/serdes-ai-responses/target/debug/deps: regex_automata-0484a59d8327327b.regex_automata.ac5eab5597c38a52-cgu.02.rcgu.o
Only in vendor/serdes-ai-responses/target/debug/deps: regex_automata-0484a59d8327327b.regex_automata.ac5eab5597c38a52-cgu.03.rcgu.o
Only in vendor/serdes-ai-responses/target/debug/deps: regex_automata-0484a59d8327327b.regex_automata.ac5eab5597c38a52-cgu.04.rcgu.o
Only in vendor/serdes-ai-responses/target/debug/deps: regex_automata-0484a59d8327327b.regex_automata.ac5eab5597c38a52-cgu.05.rcgu.o
Only in vendor/serdes-ai-responses/target/debug/deps: regex_automata-0484a59d8327327b.regex_automata.ac5eab5597c38a52-cgu.06.rcgu.o
Only in vendor/serdes-ai-responses/target/debug/deps: regex_automata-0484a59d8327327b.regex_automata.ac5eab5597c38a52-cgu.07.rcgu.o
Only in vendor/serdes-ai-responses/target/debug/deps: regex_automata-0484a59d8327327b.regex_automata.ac5eab5597c38a52-cgu.08.rcgu.o
Only in vendor/serdes-ai-responses/target/debug/deps: regex_automata-0484a59d8327327b.regex_automata.ac5eab5597c38a52-cgu.09.rcgu.o
Only in vendor/serdes-ai-responses/target/debug/deps: regex_automata-0484a59d8327327b.regex_automata.ac5eab5597c38a52-cgu.10.rcgu.o
Only in vendor/serdes-ai-responses/target/debug/deps: regex_automata-0484a59d8327327b.regex_automata.ac5eab5597c38a52-cgu.11.rcgu.o
Only in vendor/serdes-ai-responses/target/debug/deps: regex_automata-0484a59d8327327b.regex_automata.ac5eab5597c38a52-cgu.12.rcgu.o
Only in vendor/serdes-ai-responses/target/debug/deps: regex_automata-0484a59d8327327b.regex_automata.ac5eab5597c38a52-cgu.13.rcgu.o
Only in vendor/serdes-ai-responses/target/debug/deps: regex_automata-0484a59d8327327b.regex_automata.ac5eab5597c38a52-cgu.14.rcgu.o
Only in vendor/serdes-ai-responses/target/debug/deps: regex_automata-0484a59d8327327b.regex_automata.ac5eab5597c38a52-cgu.15.rcgu.o
Only in vendor/serdes-ai-responses/target/debug/deps: regex_syntax-d1107f5217faf9f6.regex_syntax.5a6d8e3651bf53ac-cgu.00.rcgu.o
Only in vendor/serdes-ai-responses/target/debug/deps: regex_syntax-d1107f5217faf9f6.regex_syntax.5a6d8e3651bf53ac-cgu.01.rcgu.o
Only in vendor/serdes-ai-responses/target/debug/deps: regex_syntax-d1107f5217faf9f6.regex_syntax.5a6d8e3651bf53ac-cgu.02.rcgu.o
Only in vendor/serdes-ai-responses/target/debug/deps: regex_syntax-d1107f5217faf9f6.regex_syntax.5a6d8e3651bf53ac-cgu.03.rcgu.o
Only in vendor/serdes-ai-responses/target/debug/deps: regex_syntax-d1107f5217faf9f6.regex_syntax.5a6d8e3651bf53ac-cgu.04.rcgu.o
Only in vendor/serdes-ai-responses/target/debug/deps: regex_syntax-d1107f5217faf9f6.regex_syntax.5a6d8e3651bf53ac-cgu.05.rcgu.o
Only in vendor/serdes-ai-responses/target/debug/deps: regex_syntax-d1107f5217faf9f6.regex_syntax.5a6d8e3651bf53ac-cgu.06.rcgu.o
Only in vendor/serdes-ai-responses/target/debug/deps: regex_syntax-d1107f5217faf9f6.regex_syntax.5a6d8e3651bf53ac-cgu.07.rcgu.o
Only in vendor/serdes-ai-responses/target/debug/deps: regex_syntax-d1107f5217faf9f6.regex_syntax.5a6d8e3651bf53ac-cgu.08.rcgu.o
Only in vendor/serdes-ai-responses/target/debug/deps: regex_syntax-d1107f5217faf9f6.regex_syntax.5a6d8e3651bf53ac-cgu.09.rcgu.o
Only in vendor/serdes-ai-responses/target/debug/deps: regex_syntax-d1107f5217faf9f6.regex_syntax.5a6d8e3651bf53ac-cgu.10.rcgu.o
Only in vendor/serdes-ai-responses/target/debug/deps: regex_syntax-d1107f5217faf9f6.regex_syntax.5a6d8e3651bf53ac-cgu.11.rcgu.o
Only in vendor/serdes-ai-responses/target/debug/deps: regex_syntax-d1107f5217faf9f6.regex_syntax.5a6d8e3651bf53ac-cgu.12.rcgu.o
Only in vendor/serdes-ai-responses/target/debug/deps: regex_syntax-d1107f5217faf9f6.regex_syntax.5a6d8e3651bf53ac-cgu.13.rcgu.o
Only in vendor/serdes-ai-responses/target/debug/deps: regex_syntax-d1107f5217faf9f6.regex_syntax.5a6d8e3651bf53ac-cgu.14.rcgu.o
Only in vendor/serdes-ai-responses/target/debug/deps: regex_syntax-d1107f5217faf9f6.regex_syntax.5a6d8e3651bf53ac-cgu.15.rcgu.o
Only in vendor/serdes-ai-responses/target/debug/deps: reqwest-772f0551c4885e2f.reqwest.a50cfebf1d179c12-cgu.00.rcgu.o
Only in vendor/serdes-ai-responses/target/debug/deps: reqwest-772f0551c4885e2f.reqwest.a50cfebf1d179c12-cgu.01.rcgu.o
Only in vendor/serdes-ai-responses/target/debug/deps: reqwest-772f0551c4885e2f.reqwest.a50cfebf1d179c12-cgu.02.rcgu.o
Only in vendor/serdes-ai-responses/target/debug/deps: reqwest-772f0551c4885e2f.reqwest.a50cfebf1d179c12-cgu.03.rcgu.o
Only in vendor/serdes-ai-responses/target/debug/deps: reqwest-772f0551c4885e2f.reqwest.a50cfebf1d179c12-cgu.04.rcgu.o
Only in vendor/serdes-ai-responses/target/debug/deps: reqwest-772f0551c4885e2f.reqwest.a50cfebf1d179c12-cgu.05.rcgu.o
Only in vendor/serdes-ai-responses/target/debug/deps: reqwest-772f0551c4885e2f.reqwest.a50cfebf1d179c12-cgu.06.rcgu.o
Only in vendor/serdes-ai-responses/target/debug/deps: reqwest-772f0551c4885e2f.reqwest.a50cfebf1d179c12-cgu.07.rcgu.o
Only in vendor/serdes-ai-responses/target/debug/deps: reqwest-772f0551c4885e2f.reqwest.a50cfebf1d179c12-cgu.08.rcgu.o
Only in vendor/serdes-ai-responses/target/debug/deps: reqwest-772f0551c4885e2f.reqwest.a50cfebf1d179c12-cgu.09.rcgu.o
Only in vendor/serdes-ai-responses/target/debug/deps: reqwest-772f0551c4885e2f.reqwest.a50cfebf1d179c12-cgu.10.rcgu.o
Only in vendor/serdes-ai-responses/target/debug/deps: reqwest-772f0551c4885e2f.reqwest.a50cfebf1d179c12-cgu.11.rcgu.o
Only in vendor/serdes-ai-responses/target/debug/deps: reqwest-772f0551c4885e2f.reqwest.a50cfebf1d179c12-cgu.12.rcgu.o
Only in vendor/serdes-ai-responses/target/debug/deps: reqwest-772f0551c4885e2f.reqwest.a50cfebf1d179c12-cgu.13.rcgu.o
Only in vendor/serdes-ai-responses/target/debug/deps: reqwest-772f0551c4885e2f.reqwest.a50cfebf1d179c12-cgu.14.rcgu.o
Only in vendor/serdes-ai-responses/target/debug/deps: reqwest-772f0551c4885e2f.reqwest.a50cfebf1d179c12-cgu.15.rcgu.o
Only in vendor/serdes-ai-responses/target/debug/deps: ring-e12885935d0f7a94.ring.87df26fc8b327bb3-cgu.00.rcgu.o
Only in vendor/serdes-ai-responses/target/debug/deps: ring-e12885935d0f7a94.ring.87df26fc8b327bb3-cgu.01.rcgu.o
Only in vendor/serdes-ai-responses/target/debug/deps: ring-e12885935d0f7a94.ring.87df26fc8b327bb3-cgu.02.rcgu.o
Only in vendor/serdes-ai-responses/target/debug/deps: ring-e12885935d0f7a94.ring.87df26fc8b327bb3-cgu.03.rcgu.o
Only in vendor/serdes-ai-responses/target/debug/deps: ring-e12885935d0f7a94.ring.87df26fc8b327bb3-cgu.04.rcgu.o
Only in vendor/serdes-ai-responses/target/debug/deps: ring-e12885935d0f7a94.ring.87df26fc8b327bb3-cgu.05.rcgu.o
Only in vendor/serdes-ai-responses/target/debug/deps: ring-e12885935d0f7a94.ring.87df26fc8b327bb3-cgu.06.rcgu.o
Only in vendor/serdes-ai-responses/target/debug/deps: ring-e12885935d0f7a94.ring.87df26fc8b327bb3-cgu.07.rcgu.o
Only in vendor/serdes-ai-responses/target/debug/deps: ring-e12885935d0f7a94.ring.87df26fc8b327bb3-cgu.08.rcgu.o
Only in vendor/serdes-ai-responses/target/debug/deps: ring-e12885935d0f7a94.ring.87df26fc8b327bb3-cgu.09.rcgu.o
Only in vendor/serdes-ai-responses/target/debug/deps: ring-e12885935d0f7a94.ring.87df26fc8b327bb3-cgu.10.rcgu.o
Only in vendor/serdes-ai-responses/target/debug/deps: ring-e12885935d0f7a94.ring.87df26fc8b327bb3-cgu.11.rcgu.o
Only in vendor/serdes-ai-responses/target/debug/deps: ring-e12885935d0f7a94.ring.87df26fc8b327bb3-cgu.12.rcgu.o
Only in vendor/serdes-ai-responses/target/debug/deps: ring-e12885935d0f7a94.ring.87df26fc8b327bb3-cgu.13.rcgu.o
Only in vendor/serdes-ai-responses/target/debug/deps: ring-e12885935d0f7a94.ring.87df26fc8b327bb3-cgu.14.rcgu.o
Only in vendor/serdes-ai-responses/target/debug/deps: ring-e12885935d0f7a94.ring.87df26fc8b327bb3-cgu.15.rcgu.o
Only in vendor/serdes-ai-responses/target/debug/deps: rustls-f2485ce22736a1e7.rustls.ea202cf193bcb0eb-cgu.00.rcgu.o
Only in vendor/serdes-ai-responses/target/debug/deps: rustls-f2485ce22736a1e7.rustls.ea202cf193bcb0eb-cgu.01.rcgu.o
Only in vendor/serdes-ai-responses/target/debug/deps: rustls-f2485ce22736a1e7.rustls.ea202cf193bcb0eb-cgu.02.rcgu.o
Only in vendor/serdes-ai-responses/target/debug/deps: rustls-f2485ce22736a1e7.rustls.ea202cf193bcb0eb-cgu.03.rcgu.o
Only in vendor/serdes-ai-responses/target/debug/deps: rustls-f2485ce22736a1e7.rustls.ea202cf193bcb0eb-cgu.04.rcgu.o
Only in vendor/serdes-ai-responses/target/debug/deps: rustls-f2485ce22736a1e7.rustls.ea202cf193bcb0eb-cgu.05.rcgu.o
Only in vendor/serdes-ai-responses/target/debug/deps: rustls-f2485ce22736a1e7.rustls.ea202cf193bcb0eb-cgu.06.rcgu.o
Only in vendor/serdes-ai-responses/target/debug/deps: rustls-f2485ce22736a1e7.rustls.ea202cf193bcb0eb-cgu.07.rcgu.o
Only in vendor/serdes-ai-responses/target/debug/deps: rustls-f2485ce22736a1e7.rustls.ea202cf193bcb0eb-cgu.08.rcgu.o
Only in vendor/serdes-ai-responses/target/debug/deps: rustls-f2485ce22736a1e7.rustls.ea202cf193bcb0eb-cgu.09.rcgu.o
Only in vendor/serdes-ai-responses/target/debug/deps: rustls-f2485ce22736a1e7.rustls.ea202cf193bcb0eb-cgu.10.rcgu.o
Only in vendor/serdes-ai-responses/target/debug/deps: rustls-f2485ce22736a1e7.rustls.ea202cf193bcb0eb-cgu.11.rcgu.o
Only in vendor/serdes-ai-responses/target/debug/deps: rustls-f2485ce22736a1e7.rustls.ea202cf193bcb0eb-cgu.12.rcgu.o
Only in vendor/serdes-ai-responses/target/debug/deps: rustls-f2485ce22736a1e7.rustls.ea202cf193bcb0eb-cgu.13.rcgu.o
Only in vendor/serdes-ai-responses/target/debug/deps: rustls-f2485ce22736a1e7.rustls.ea202cf193bcb0eb-cgu.14.rcgu.o
Only in vendor/serdes-ai-responses/target/debug/deps: rustls-f2485ce22736a1e7.rustls.ea202cf193bcb0eb-cgu.15.rcgu.o
Only in vendor/serdes-ai-responses/target/debug/deps: rustls_pki_types-eb68bdb68f12ebc5.rustls_pki_types.562af4a92226b100-cgu.0.rcgu.o
Only in vendor/serdes-ai-responses/target/debug/deps: rustls_pki_types-eb68bdb68f12ebc5.rustls_pki_types.562af4a92226b100-cgu.1.rcgu.o
Only in vendor/serdes-ai-responses/target/debug/deps: ryu-df2e317c575e93a4.ryu.c534f45cf0232b9c-cgu.0.rcgu.o
Only in vendor/serdes-ai-responses/target/debug/deps: scopeguard-03f093378f853884.scopeguard.43288c115594ff16-cgu.0.rcgu.o
Only in vendor/serdes-ai-responses/target/debug/deps: serde-58608e64841e7d58.serde.4f444c3f78a434bc-cgu.0.rcgu.o
Only in vendor/serdes-ai-responses/target/debug/deps: serde_core-32b5861d68088a5e.serde_core.76191f7d16aa05d0-cgu.0.rcgu.o
Only in vendor/serdes-ai-responses/target/debug/deps: serde_json-7c614816fe7e642c.serde_json.2513ac8a73e6fff7-cgu.0.rcgu.o
Only in vendor/serdes-ai-responses/target/debug/deps: serde_json-7c614816fe7e642c.serde_json.2513ac8a73e6fff7-cgu.1.rcgu.o
Only in vendor/serdes-ai-responses/target/debug/deps: serde_json-7c614816fe7e642c.serde_json.2513ac8a73e6fff7-cgu.2.rcgu.o
Only in vendor/serdes-ai-responses/target/debug/deps: serde_json-7c614816fe7e642c.serde_json.2513ac8a73e6fff7-cgu.3.rcgu.o
Only in vendor/serdes-ai-responses/target/debug/deps: serde_json-7c614816fe7e642c.serde_json.2513ac8a73e6fff7-cgu.4.rcgu.o
Only in vendor/serdes-ai-responses/target/debug/deps: serde_urlencoded-d60952d64b7f799e.serde_urlencoded.2282e4c44a91130f-cgu.0.rcgu.o
Only in vendor/serdes-ai-responses/target/debug/deps: serdes_ai_core-6889d40dc7d0a222.serdes_ai_core.9c65e2afda4a1d17-cgu.0.rcgu.o
Only in vendor/serdes-ai-responses/target/debug/deps: serdes_ai_core-6889d40dc7d0a222.serdes_ai_core.9c65e2afda4a1d17-cgu.1.rcgu.o
Only in vendor/serdes-ai-responses/target/debug/deps: serdes_ai_core-6889d40dc7d0a222.serdes_ai_core.9c65e2afda4a1d17-cgu.2.rcgu.o
Only in vendor/serdes-ai-responses/target/debug/deps: serdes_ai_core-6889d40dc7d0a222.serdes_ai_core.9c65e2afda4a1d17-cgu.3.rcgu.o
Only in vendor/serdes-ai-responses/target/debug/deps: serdes_ai_core-6889d40dc7d0a222.serdes_ai_core.9c65e2afda4a1d17-cgu.4.rcgu.o
Only in vendor/serdes-ai-responses/target/debug/deps: serdes_ai_models-e5b8493a19456bde.serdes_ai_models.ed9b8ed722cae3df-cgu.00.rcgu.o
Only in vendor/serdes-ai-responses/target/debug/deps: serdes_ai_models-e5b8493a19456bde.serdes_ai_models.ed9b8ed722cae3df-cgu.01.rcgu.o
Only in vendor/serdes-ai-responses/target/debug/deps: serdes_ai_models-e5b8493a19456bde.serdes_ai_models.ed9b8ed722cae3df-cgu.02.rcgu.o
Only in vendor/serdes-ai-responses/target/debug/deps: serdes_ai_models-e5b8493a19456bde.serdes_ai_models.ed9b8ed722cae3df-cgu.03.rcgu.o
Only in vendor/serdes-ai-responses/target/debug/deps: serdes_ai_models-e5b8493a19456bde.serdes_ai_models.ed9b8ed722cae3df-cgu.04.rcgu.o
Only in vendor/serdes-ai-responses/target/debug/deps: serdes_ai_models-e5b8493a19456bde.serdes_ai_models.ed9b8ed722cae3df-cgu.05.rcgu.o
Only in vendor/serdes-ai-responses/target/debug/deps: serdes_ai_models-e5b8493a19456bde.serdes_ai_models.ed9b8ed722cae3df-cgu.06.rcgu.o
Only in vendor/serdes-ai-responses/target/debug/deps: serdes_ai_models-e5b8493a19456bde.serdes_ai_models.ed9b8ed722cae3df-cgu.07.rcgu.o
Only in vendor/serdes-ai-responses/target/debug/deps: serdes_ai_models-e5b8493a19456bde.serdes_ai_models.ed9b8ed722cae3df-cgu.08.rcgu.o
Only in vendor/serdes-ai-responses/target/debug/deps: serdes_ai_models-e5b8493a19456bde.serdes_ai_models.ed9b8ed722cae3df-cgu.09.rcgu.o
Only in vendor/serdes-ai-responses/target/debug/deps: serdes_ai_models-e5b8493a19456bde.serdes_ai_models.ed9b8ed722cae3df-cgu.10.rcgu.o
Only in vendor/serdes-ai-responses/target/debug/deps: serdes_ai_models-e5b8493a19456bde.serdes_ai_models.ed9b8ed722cae3df-cgu.11.rcgu.o
Only in vendor/serdes-ai-responses/target/debug/deps: serdes_ai_models-e5b8493a19456bde.serdes_ai_models.ed9b8ed722cae3df-cgu.12.rcgu.o
Only in vendor/serdes-ai-responses/target/debug/deps: serdes_ai_models-e5b8493a19456bde.serdes_ai_models.ed9b8ed722cae3df-cgu.13.rcgu.o
Only in vendor/serdes-ai-responses/target/debug/deps: serdes_ai_models-e5b8493a19456bde.serdes_ai_models.ed9b8ed722cae3df-cgu.14.rcgu.o
Only in vendor/serdes-ai-responses/target/debug/deps: serdes_ai_models-e5b8493a19456bde.serdes_ai_models.ed9b8ed722cae3df-cgu.15.rcgu.o
Only in vendor/serdes-ai-responses/target/debug/deps: serdes_ai_output-8c6f0e3b720529fb.serdes_ai_output.d78a65a819a8f85d-cgu.0.rcgu.o
Only in vendor/serdes-ai-responses/target/debug/deps: serdes_ai_output-8c6f0e3b720529fb.serdes_ai_output.d78a65a819a8f85d-cgu.1.rcgu.o
Only in vendor/serdes-ai-responses/target/debug/deps: serdes_ai_responses-0b127f7f8280d5bb
Only in vendor/serdes-ai-responses/target/debug/deps: serdes_ai_responses-0b127f7f8280d5bb.serdes_ai_responses.ff444dd17880ce69-cgu.0.rcgu.o
Only in vendor/serdes-ai-responses/target/debug/deps: serdes_ai_responses-0b127f7f8280d5bb.serdes_ai_responses.ff444dd17880ce69-cgu.1.rcgu.o
Only in vendor/serdes-ai-responses/target/debug/deps: serdes_ai_responses-0b127f7f8280d5bb.serdes_ai_responses.ff444dd17880ce69-cgu.2.rcgu.o
Only in vendor/serdes-ai-responses/target/debug/deps: serdes_ai_responses-0b127f7f8280d5bb.serdes_ai_responses.ff444dd17880ce69-cgu.3.rcgu.o
Only in vendor/serdes-ai-responses/target/debug/deps: serdes_ai_responses-0b127f7f8280d5bb.serdes_ai_responses.ff444dd17880ce69-cgu.4.rcgu.o
Only in vendor/serdes-ai-responses/target/debug/deps: serdes_ai_responses-0b127f7f8280d5bb.serdes_ai_responses.ff444dd17880ce69-cgu.5.rcgu.o
Only in vendor/serdes-ai-responses/target/debug/deps: serdes_ai_responses-4eb3e33908915e59.serdes_ai_responses.25a0abce32c3b5e4-cgu.00.rcgu.o
Only in vendor/serdes-ai-responses/target/debug/deps: serdes_ai_responses-4eb3e33908915e59.serdes_ai_responses.25a0abce32c3b5e4-cgu.01.rcgu.o
Only in vendor/serdes-ai-responses/target/debug/deps: serdes_ai_responses-4eb3e33908915e59.serdes_ai_responses.25a0abce32c3b5e4-cgu.02.rcgu.o
Only in vendor/serdes-ai-responses/target/debug/deps: serdes_ai_responses-4eb3e33908915e59.serdes_ai_responses.25a0abce32c3b5e4-cgu.03.rcgu.o
Only in vendor/serdes-ai-responses/target/debug/deps: serdes_ai_responses-4eb3e33908915e59.serdes_ai_responses.25a0abce32c3b5e4-cgu.04.rcgu.o
Only in vendor/serdes-ai-responses/target/debug/deps: serdes_ai_responses-4eb3e33908915e59.serdes_ai_responses.25a0abce32c3b5e4-cgu.05.rcgu.o
Only in vendor/serdes-ai-responses/target/debug/deps: serdes_ai_responses-4eb3e33908915e59.serdes_ai_responses.25a0abce32c3b5e4-cgu.06.rcgu.o
Only in vendor/serdes-ai-responses/target/debug/deps: serdes_ai_responses-4eb3e33908915e59.serdes_ai_responses.25a0abce32c3b5e4-cgu.07.rcgu.o
Only in vendor/serdes-ai-responses/target/debug/deps: serdes_ai_responses-4eb3e33908915e59.serdes_ai_responses.25a0abce32c3b5e4-cgu.08.rcgu.o
Only in vendor/serdes-ai-responses/target/debug/deps: serdes_ai_responses-4eb3e33908915e59.serdes_ai_responses.25a0abce32c3b5e4-cgu.09.rcgu.o
Only in vendor/serdes-ai-responses/target/debug/deps: serdes_ai_responses-4eb3e33908915e59.serdes_ai_responses.25a0abce32c3b5e4-cgu.10.rcgu.o
Only in vendor/serdes-ai-responses/target/debug/deps: serdes_ai_responses-4eb3e33908915e59.serdes_ai_responses.25a0abce32c3b5e4-cgu.11.rcgu.o
Only in vendor/serdes-ai-responses/target/debug/deps: serdes_ai_responses-4eb3e33908915e59.serdes_ai_responses.25a0abce32c3b5e4-cgu.12.rcgu.o
Only in vendor/serdes-ai-responses/target/debug/deps: serdes_ai_responses-4eb3e33908915e59.serdes_ai_responses.25a0abce32c3b5e4-cgu.13.rcgu.o
Only in vendor/serdes-ai-responses/target/debug/deps: serdes_ai_responses-4eb3e33908915e59.serdes_ai_responses.25a0abce32c3b5e4-cgu.14.rcgu.o
Only in vendor/serdes-ai-responses/target/debug/deps: serdes_ai_responses-4eb3e33908915e59.serdes_ai_responses.25a0abce32c3b5e4-cgu.15.rcgu.o
Only in vendor/serdes-ai-responses/target/debug/deps: serdes_ai_streaming-b094eff459814f16.serdes_ai_streaming.b2b86800568fa91c-cgu.0.rcgu.o
Only in vendor/serdes-ai-responses/target/debug/deps: serdes_ai_streaming-b094eff459814f16.serdes_ai_streaming.b2b86800568fa91c-cgu.1.rcgu.o
Only in vendor/serdes-ai-responses/target/debug/deps: serdes_ai_streaming-b094eff459814f16.serdes_ai_streaming.b2b86800568fa91c-cgu.2.rcgu.o
Only in vendor/serdes-ai-responses/target/debug/deps: serdes_ai_streaming-b094eff459814f16.serdes_ai_streaming.b2b86800568fa91c-cgu.3.rcgu.o
Only in vendor/serdes-ai-responses/target/debug/deps: serdes_ai_tools-afc10a94f2a94c33.serdes_ai_tools.18255fba6096cdb9-cgu.0.rcgu.o
Only in vendor/serdes-ai-responses/target/debug/deps: serdes_ai_tools-afc10a94f2a94c33.serdes_ai_tools.18255fba6096cdb9-cgu.1.rcgu.o
Only in vendor/serdes-ai-responses/target/debug/deps: serdes_ai_tools-afc10a94f2a94c33.serdes_ai_tools.18255fba6096cdb9-cgu.2.rcgu.o
Only in vendor/serdes-ai-responses/target/debug/deps: serdes_ai_tools-afc10a94f2a94c33.serdes_ai_tools.18255fba6096cdb9-cgu.3.rcgu.o
Only in vendor/serdes-ai-responses/target/debug/deps: serdes_ai_tools-afc10a94f2a94c33.serdes_ai_tools.18255fba6096cdb9-cgu.4.rcgu.o
Only in vendor/serdes-ai-responses/target/debug/deps: serdes_ai_tools-afc10a94f2a94c33.serdes_ai_tools.18255fba6096cdb9-cgu.5.rcgu.o
Only in vendor/serdes-ai-responses/target/debug/deps: serdes_ai_tools-afc10a94f2a94c33.serdes_ai_tools.18255fba6096cdb9-cgu.6.rcgu.o
Only in vendor/serdes-ai-responses/target/debug/deps: serdes_ai_tools-afc10a94f2a94c33.serdes_ai_tools.18255fba6096cdb9-cgu.7.rcgu.o
Only in vendor/serdes-ai-responses/target/debug/deps: serdes_ai_toolsets-3379dd93f15e0598.serdes_ai_toolsets.ec0f3dbf5f1a39bb-cgu.0.rcgu.o
Only in vendor/serdes-ai-responses/target/debug/deps: sha1-b09257ca7d7e6846.sha1.8ee05a2621abd4cf-cgu.0.rcgu.o
Only in vendor/serdes-ai-responses/target/debug/deps: signal_hook_registry-3c146eafdf73e590.signal_hook_registry.349d2866d7bdbccd-cgu.0.rcgu.o
Only in vendor/serdes-ai-responses/target/debug/deps: slab-7cf4941a614a0c57.slab.d41391f6873e6d81-cgu.0.rcgu.o
Only in vendor/serdes-ai-responses/target/debug/deps: smallvec-3273cde8a37cc205.smallvec.d33fc491b7d0b2b2-cgu.0.rcgu.o
Only in vendor/serdes-ai-responses/target/debug/deps: socket2-a0653e45d0debd8b.socket2.ab3c21eb7624ce98-cgu.0.rcgu.o
Only in vendor/serdes-ai-responses/target/debug/deps: socket2-a0653e45d0debd8b.socket2.ab3c21eb7624ce98-cgu.1.rcgu.o
Only in vendor/serdes-ai-responses/target/debug/deps: stable_deref_trait-8be854e8812732e1.stable_deref_trait.ae127059c065ba1c-cgu.0.rcgu.o
Only in vendor/serdes-ai-responses/target/debug/deps: subtle-00666f39de402553.subtle.b017967885a146b1-cgu.0.rcgu.o
Only in vendor/serdes-ai-responses/target/debug/deps: sync_wrapper-8549eefaa1c78495.sync_wrapper.10be3466cc7d0594-cgu.0.rcgu.o
Only in vendor/serdes-ai-responses/target/debug/deps: thiserror-25631649e525af84.thiserror.778eb266a0bab978-cgu.0.rcgu.o
Only in vendor/serdes-ai-responses/target/debug/deps: thiserror-906297181b2cdcf9.thiserror.71bd4e791dced805-cgu.0.rcgu.o
Only in vendor/serdes-ai-responses/target/debug/deps: tinystr-b99b4748f1da5f91.tinystr.9347367b28aeea2e-cgu.0.rcgu.o
Only in vendor/serdes-ai-responses/target/debug/deps: tokio-75a980e63d27a0c3.tokio.8b3541f237df2642-cgu.00.rcgu.o
Only in vendor/serdes-ai-responses/target/debug/deps: tokio-75a980e63d27a0c3.tokio.8b3541f237df2642-cgu.01.rcgu.o
Only in vendor/serdes-ai-responses/target/debug/deps: tokio-75a980e63d27a0c3.tokio.8b3541f237df2642-cgu.02.rcgu.o
Only in vendor/serdes-ai-responses/target/debug/deps: tokio-75a980e63d27a0c3.tokio.8b3541f237df2642-cgu.03.rcgu.o
Only in vendor/serdes-ai-responses/target/debug/deps: tokio-75a980e63d27a0c3.tokio.8b3541f237df2642-cgu.04.rcgu.o
Only in vendor/serdes-ai-responses/target/debug/deps: tokio-75a980e63d27a0c3.tokio.8b3541f237df2642-cgu.05.rcgu.o
Only in vendor/serdes-ai-responses/target/debug/deps: tokio-75a980e63d27a0c3.tokio.8b3541f237df2642-cgu.06.rcgu.o
Only in vendor/serdes-ai-responses/target/debug/deps: tokio-75a980e63d27a0c3.tokio.8b3541f237df2642-cgu.07.rcgu.o
Only in vendor/serdes-ai-responses/target/debug/deps: tokio-75a980e63d27a0c3.tokio.8b3541f237df2642-cgu.08.rcgu.o
Only in vendor/serdes-ai-responses/target/debug/deps: tokio-75a980e63d27a0c3.tokio.8b3541f237df2642-cgu.09.rcgu.o
Only in vendor/serdes-ai-responses/target/debug/deps: tokio-75a980e63d27a0c3.tokio.8b3541f237df2642-cgu.10.rcgu.o
Only in vendor/serdes-ai-responses/target/debug/deps: tokio-75a980e63d27a0c3.tokio.8b3541f237df2642-cgu.11.rcgu.o
Only in vendor/serdes-ai-responses/target/debug/deps: tokio-75a980e63d27a0c3.tokio.8b3541f237df2642-cgu.12.rcgu.o
Only in vendor/serdes-ai-responses/target/debug/deps: tokio-75a980e63d27a0c3.tokio.8b3541f237df2642-cgu.13.rcgu.o
Only in vendor/serdes-ai-responses/target/debug/deps: tokio-75a980e63d27a0c3.tokio.8b3541f237df2642-cgu.14.rcgu.o
Only in vendor/serdes-ai-responses/target/debug/deps: tokio-75a980e63d27a0c3.tokio.8b3541f237df2642-cgu.15.rcgu.o
Only in vendor/serdes-ai-responses/target/debug/deps: tokio_rustls-107da5e1b8d49aac.tokio_rustls.126363aa0b5135fe-cgu.0.rcgu.o
Only in vendor/serdes-ai-responses/target/debug/deps: tokio_stream-e9bc53eac9aeb737.tokio_stream.9034336e0f016476-cgu.0.rcgu.o
Only in vendor/serdes-ai-responses/target/debug/deps: tokio_tungstenite-9adcb0214b1af66f.tokio_tungstenite.63842d3dce3dd127-cgu.0.rcgu.o
Only in vendor/serdes-ai-responses/target/debug/deps: tokio_util-97450e7ca5d9d482.tokio_util.e8ce79413d371b83-cgu.0.rcgu.o
Only in vendor/serdes-ai-responses/target/debug/deps: tower-d5800391b7d1f886.tower.86690834728dcb13-cgu.0.rcgu.o
Only in vendor/serdes-ai-responses/target/debug/deps: tower_http-ad4dbd731f6628f3.tower_http.dac448e77d930e38-cgu.0.rcgu.o
Only in vendor/serdes-ai-responses/target/debug/deps: tower_layer-60525c935857f972.tower_layer.b8eacc63e5dc3f41-cgu.0.rcgu.o
Only in vendor/serdes-ai-responses/target/debug/deps: tower_service-7f41eb306fcc408a.tower_service.404579f1dae88e57-cgu.0.rcgu.o
Only in vendor/serdes-ai-responses/target/debug/deps: tracing-303962bce396c0bc.tracing.36fd18a3dd649f44-cgu.0.rcgu.o
Only in vendor/serdes-ai-responses/target/debug/deps: tracing_core-ea2af4d333127416.tracing_core.435079b568735ad6-cgu.0.rcgu.o
Only in vendor/serdes-ai-responses/target/debug/deps: tracing_core-ea2af4d333127416.tracing_core.435079b568735ad6-cgu.1.rcgu.o
Only in vendor/serdes-ai-responses/target/debug/deps: tracing_core-ea2af4d333127416.tracing_core.435079b568735ad6-cgu.2.rcgu.o
Only in vendor/serdes-ai-responses/target/debug/deps: try_lock-8ca481baa00be8b1.try_lock.f46b63e5a8e1d194-cgu.0.rcgu.o
Only in vendor/serdes-ai-responses/target/debug/deps: tungstenite-2881a785a3c31280.tungstenite.c7d5096cb28053ba-cgu.0.rcgu.o
Only in vendor/serdes-ai-responses/target/debug/deps: tungstenite-2881a785a3c31280.tungstenite.c7d5096cb28053ba-cgu.1.rcgu.o
Only in vendor/serdes-ai-responses/target/debug/deps: tungstenite-2881a785a3c31280.tungstenite.c7d5096cb28053ba-cgu.2.rcgu.o
Only in vendor/serdes-ai-responses/target/debug/deps: tungstenite-2881a785a3c31280.tungstenite.c7d5096cb28053ba-cgu.3.rcgu.o
Only in vendor/serdes-ai-responses/target/debug/deps: tungstenite-2881a785a3c31280.tungstenite.c7d5096cb28053ba-cgu.4.rcgu.o
Only in vendor/serdes-ai-responses/target/debug/deps: tungstenite-2881a785a3c31280.tungstenite.c7d5096cb28053ba-cgu.5.rcgu.o
Only in vendor/serdes-ai-responses/target/debug/deps: tungstenite-2881a785a3c31280.tungstenite.c7d5096cb28053ba-cgu.6.rcgu.o
Only in vendor/serdes-ai-responses/target/debug/deps: tungstenite-2881a785a3c31280.tungstenite.c7d5096cb28053ba-cgu.7.rcgu.o
Only in vendor/serdes-ai-responses/target/debug/deps: typenum-badbe8f99efaa426.typenum.d71405cda3a5935a-cgu.0.rcgu.o
Only in vendor/serdes-ai-responses/target/debug/deps: untrusted-4e24c59026e223f9.untrusted.c8a5b9c0ebc8ce38-cgu.0.rcgu.o
Only in vendor/serdes-ai-responses/target/debug/deps: url-2c08f791e97361d9.url.276433e04e3c678c-cgu.0.rcgu.o
Only in vendor/serdes-ai-responses/target/debug/deps: url-2c08f791e97361d9.url.276433e04e3c678c-cgu.1.rcgu.o
Only in vendor/serdes-ai-responses/target/debug/deps: url-2c08f791e97361d9.url.276433e04e3c678c-cgu.2.rcgu.o
Only in vendor/serdes-ai-responses/target/debug/deps: url-2c08f791e97361d9.url.276433e04e3c678c-cgu.3.rcgu.o
Only in vendor/serdes-ai-responses/target/debug/deps: url-2c08f791e97361d9.url.276433e04e3c678c-cgu.4.rcgu.o
Only in vendor/serdes-ai-responses/target/debug/deps: utf8-bf6656647abc0df6.utf8.31bc2db774d3473d-cgu.0.rcgu.o
Only in vendor/serdes-ai-responses/target/debug/deps: utf8_iter-0fb0fb1a7515565d.utf8_iter.c6367a3797a2e316-cgu.0.rcgu.o
Only in vendor/serdes-ai-responses/target/debug/deps: uuid-726d7e8fd6427c18.uuid.d386d911190e19df-cgu.0.rcgu.o
Only in vendor/serdes-ai-responses/target/debug/deps: uuid-726d7e8fd6427c18.uuid.d386d911190e19df-cgu.1.rcgu.o
Only in vendor/serdes-ai-responses/target/debug/deps: want-23c907daa95da708.want.15288a6d9eea6bda-cgu.0.rcgu.o
Only in vendor/serdes-ai-responses/target/debug/deps: webpki-c0b0ec55c4579fdc.webpki.5dd5a9ede3e1d6a0-cgu.0.rcgu.o
Only in vendor/serdes-ai-responses/target/debug/deps: webpki-c0b0ec55c4579fdc.webpki.5dd5a9ede3e1d6a0-cgu.1.rcgu.o
Only in vendor/serdes-ai-responses/target/debug/deps: webpki-c0b0ec55c4579fdc.webpki.5dd5a9ede3e1d6a0-cgu.2.rcgu.o
Only in vendor/serdes-ai-responses/target/debug/deps: webpki-c0b0ec55c4579fdc.webpki.5dd5a9ede3e1d6a0-cgu.3.rcgu.o
Only in vendor/serdes-ai-responses/target/debug/deps: webpki-c0b0ec55c4579fdc.webpki.5dd5a9ede3e1d6a0-cgu.4.rcgu.o
Only in vendor/serdes-ai-responses/target/debug/deps: webpki-c0b0ec55c4579fdc.webpki.5dd5a9ede3e1d6a0-cgu.5.rcgu.o
Only in vendor/serdes-ai-responses/target/debug/deps: webpki-c0b0ec55c4579fdc.webpki.5dd5a9ede3e1d6a0-cgu.6.rcgu.o
Only in vendor/serdes-ai-responses/target/debug/deps: webpki-c0b0ec55c4579fdc.webpki.5dd5a9ede3e1d6a0-cgu.7.rcgu.o
Only in vendor/serdes-ai-responses/target/debug/deps: webpki_roots-1ddb5c6660fa7a53.webpki_roots.f43a9f02da8827a2-cgu.0.rcgu.o
Only in vendor/serdes-ai-responses/target/debug/deps: writeable-d1214f1d0f702709.writeable.7f2a36bd1d9d6d4e-cgu.0.rcgu.o
Only in vendor/serdes-ai-responses/target/debug/deps: yoke-26b750d4c3b79fd5.yoke.d3d36313af6427fd-cgu.0.rcgu.o
Only in vendor/serdes-ai-responses/target/debug/deps: zerocopy-1d2bd5c8b8977d2b.zerocopy.b13344fd83e10d7a-cgu.0.rcgu.o
Only in vendor/serdes-ai-responses/target/debug/deps: zerofrom-c6741475c9e186e8.zerofrom.c22dd692a66e59c2-cgu.0.rcgu.o
Only in vendor/serdes-ai-responses/target/debug/deps: zeroize-24bd8f00e3e86509.zeroize.6ac6724604edfdd2-cgu.0.rcgu.o
Only in vendor/serdes-ai-responses/target/debug/deps: zerotrie-999c71a7714bcbb9.zerotrie.1acd5637cd780a2f-cgu.0.rcgu.o
Only in vendor/serdes-ai-responses/target/debug/deps: zerovec-6c6fa402f61c9f79.zerovec.74f2eb1a0cae75b7-cgu.0.rcgu.o
Only in vendor/serdes-ai-responses/target/debug/deps: zmij-9e60319a8c05d239.zmij.9713b3441865442b-cgu.0.rcgu.o
Only in vendor/serdes-ai-responses/target/debug: examples
Only in vendor/serdes-ai-responses/target/debug: incremental
Only in vendor/serdes-ai-responses/target: tmp
vendored SerdesAI tree differs from checksum-pinned archives plus patch
